1	0.000000	426.000000	237.000000	0	0
2	0.050000	425.984008	238.832503	0	0
3	0.100000	425.936037	240.664447	0	0
4	0.150000	425.856101	242.495275	0	0
5	0.200000	425.744225	244.324430	0	0
6	0.250000	425.600443	246.151353	0	0
7	0.300000	425.424799	247.975489	0	0
8	0.350000	425.217346	249.796281	0	0
9	0.400000	424.978147	251.613176	0	0
10	0.450000	424.707276	253.425619	0	0
11	0.500000	424.404814	255.233059	0	0
12	0.550000	424.070854	257.034945	0	0
13	0.600000	423.705498	258.830728	0	0
14	0.650000	423.308857	260.619861	0	0
15	0.700000	422.881051	262.401799	0	0
16	0.750000	422.422212	264.176000	0	0
17	0.800000	421.932478	265.941922	0	0
18	0.850000	421.411999	267.699029	0	0
19	0.900000	420.860934	269.446784	0	0
20	0.950000	420.279450	271.184656	0	0
21	1.000000	419.667725	272.912115	0	0
22	1.050000	419.025945	274.628635	0	0
23	1.100000	418.354305	276.333692	0	0
24	1.150000	417.653010	278.026768	0	0
25	1.200000	416.922273	279.707348	0	0
26	1.250000	416.162318	281.374917	0	0
27	1.300000	415.373375	283.028970	0	0
28	1.350000	414.555685	284.669002	0	0
29	1.400000	413.709497	286.294514	0	0
30	1.450000	412.835069	287.905010	0	0
31	1.500000	411.932667	289.500000	0	0
32	1.550000	411.002567	291.078998	0	0
33	1.600000	410.045050	292.641523	0	0
34	1.650000	409.060410	294.187099	0	0
35	1.700000	408.048945	295.715255	0	0
36	1.750000	407.010965	297.225526	0	0
37	1.800000	405.946784	298.717451	0	0
38	1.850000	404.856729	300.190577	0	0
39	1.900000	403.741129	301.644455	0	0
40	1.950000	402.600326	303.078641	0	0
41	2.000000	401.434667	304.492699	0	0
42	2.050000	400.244506	305.886198	0	0
43	2.100000	399.030207	307.258714	0	0
44	2.150000	397.792139	308.609828	0	0
45	2.200000	396.530679	309.939129	0	0
46	2.250000	395.246212	311.246212	0	0
47	2.300000	393.939129	312.530679	0	0
48	2.350000	392.609828	313.792139	0	0
49	2.400000	391.258714	315.030207	0	0
50	2.450000	389.886198	316.244506	0	0
51	2.500000	388.492699	317.434667	0	0
52	2.550000	387.078641	318.600326	0	0
53	2.600000	385.644455	319.741129	0	0
54	2.650000	384.190577	320.856729	0	0
55	2.700000	382.717451	321.946784	0	0
56	2.750000	381.225526	323.010965	0	0
57	2.800000	379.715255	324.048945	0	0
58	2.850000	378.187099	325.060410	0	0
59	2.900000	376.641523	326.045050	0	0
60	2.950000	375.078998	327.002567	0	0
61	3.000000	373.500000	327.932667	0	0
62	3.050000	371.905010	328.835069	0	0
63	3.100000	370.294514	329.709497	0	0
64	3.150000	368.669002	330.555685	0	0
65	3.200000	367.028970	331.373375	0	0
66	3.250000	365.374917	332.162318	0	0
67	3.300000	363.707348	332.922273	0	0
68	3.350000	362.026768	333.653010	0	0
69	3.400000	360.333692	334.354305	0	0
70	3.450000	358.628635	335.025945	0	0
71	3.500000	356.912115	335.667725	0	0
72	3.550000	355.184656	336.279450	0	0
73	3.600000	353.446784	336.860934	0	0
74	3.650000	351.699029	337.411999	0	0
75	3.700000	349.941922	337.932478	0	0
76	3.750000	348.176000	338.422212	0	0
77	3.800000	346.401799	338.881051	0	0
78	3.850000	344.619861	339.308857	0	0
79	3.900000	342.830728	339.705498	0	0
80	3.950000	341.034945	340.070854	0	0
81	4.000000	339.233059	340.404814	0	0
82	4.050000	337.425619	340.707276	0	0
83	4.100000	335.613176	340.978147	0	0
84	4.150000	333.796281	341.217346	0	0
85	4.200000	331.975489	341.424799	0	0
86	4.250000	330.151353	341.600443	0	0
87	4.300000	328.324430	341.744225	0	0
88	4.350000	326.495275	341.856101	0	0
89	4.400000	324.664447	341.936037	0	0
90	4.450000	322.832503	341.984008	0	0
91	4.500000	321.000000	342.000000	0	0
92	4.550000	319.167497	341.984008	0	0
93	4.600000	317.335553	341.936037	0	0
94	4.650000	315.504725	341.856101	0	0
95	4.700000	313.675570	341.744225	0	0
96	4.750000	311.848647	341.600443	0	0
97	4.800000	310.024511	341.424799	0	0
98	4.850000	308.203719	341.217346	0	0
99	4.900000	306.386824	340.978147	0	0
100	4.950000	304.574381	340.707276	0	0
101	5.000000	302.766941	340.404814	0	0
102	5.050000	300.965055	340.070854	0	0
103	5.100000	299.169272	339.705498	0	0
104	5.150000	297.380139	339.308857	0	0
105	5.200000	295.598201	338.881051	0	0
106	5.250000	293.824000	338.422212	0	0
107	5.300000	292.058078	337.932478	0	0
108	5.350000	290.300971	337.411999	0	0
109	5.400000	288.553216	336.860934	0	0
110	5.450000	286.815344	336.279450	0	0
111	5.500000	285.087885	335.667725	0	0
112	5.550000	283.371365	335.025945	0	0
113	5.600000	281.666308	334.354305	0	0
114	5.650000	279.973232	333.653010	0	0
115	5.700000	278.292652	332.922273	0	0
116	5.750000	276.625083	332.162318	0	0
117	5.800000	274.971030	331.373375	0	0
118	5.850000	273.330998	330.555685	0	0
119	5.900000	271.705486	329.709497	0	0
120	5.950000	270.094990	328.835069	0	0
121	6.000000	268.500000	327.932667	0	0
122	6.050000	266.921002	327.002567	0	0
123	6.100000	265.358477	326.045050	0	0
124	6.150000	263.812901	325.060410	0	0
125	6.200000	262.284745	324.048945	0	0
126	6.250000	260.774474	323.010965	0	0
127	6.300000	259.282549	321.946784	0	0
128	6.350000	257.809423	320.856729	0	0
129	6.400000	256.355545	319.741129	0	0
130	6.450000	254.921359	318.600326	0	0
131	6.500000	253.507301	317.434667	0	0
132	6.550000	252.113802	316.244506	0	0
133	6.600000	250.741286	315.030207	0	0
134	6.650000	249.390172	313.792139	0	0
135	6.700000	248.060871	312.530679	0	0
136	6.750000	246.753788	311.246212	0	0
137	6.800000	245.469321	309.939129	0	0
138	6.850000	244.207861	308.609828	0	0
139	6.900000	242.969793	307.258714	0	0
140	6.950000	241.755494	305.886198	0	0
141	7.000000	240.565333	304.492699	0	0
142	7.050000	239.399674	303.078641	0	0
143	7.100000	238.258871	301.644455	0	0
144	7.150000	237.143271	300.190577	0	0
145	7.200000	236.053216	298.717451	0	0
146	7.250000	234.989035	297.225526	0	0
147	7.300000	233.951055	295.715255	0	0
148	7.350000	232.939590	294.187099	0	0
149	7.400000	231.954950	292.641523	0	0
150	7.450000	230.997433	291.078998	0	0
151	7.500000	230.067333	289.500000	0	0
152	7.550000	229.164931	287.905010	0	0
153	7.600000	228.290503	286.294514	0	0
154	7.650000	227.444315	284.669002	0	0
155	7.700000	226.626625	283.028970	0	0
156	7.750000	225.837682	281.374917	0	0
157	7.800000	225.077727	279.707348	0	0
158	7.850000	224.346990	278.026768	0	0
159	7.900000	223.645695	276.333692	0	0
160	7.950000	222.974055	274.628635	0	0
161	8.000000	222.332275	272.912115	0	0
162	8.050000	221.720550	271.184656	0	0
163	8.100000	221.139066	269.446784	0	0
164	8.150000	220.588001	267.699029	0	0
165	8.200000	220.067522	265.941922	0	0
166	8.250000	219.577788	264.176000	0	0
167	8.300000	219.118949	262.401799	0	0
168	8.350000	218.691143	260.619861	0	0
169	8.400000	218.294502	258.830728	0	0
170	8.450000	217.929146	257.034945	0	0
171	8.500000	217.595186	255.233059	0	0
172	8.550000	217.292724	253.425619	0	0
173	8.600000	217.021853	251.613176	0	0
174	8.650000	216.782654	249.796281	0	0
175	8.700000	216.575201	247.975489	0	0
176	8.750000	216.399557	246.151353	0	0
177	8.800000	216.255775	244.324430	0	0
178	8.850000	216.143899	242.495275	0	0
179	8.900000	216.063963	240.664447	0	0
180	8.950000	216.015992	238.832503	0	0
181	9.000000	216.000000	237.000000	0	0
182	9.050000	216.015992	235.167497	0	0
183	9.100000	216.063963	233.335553	0	0
184	9.150000	216.143899	231.504725	0	0
185	9.200000	216.255775	229.675570	0	0
186	9.250000	216.399557	227.848647	0	0
187	9.300000	216.575201	226.024511	0	0
188	9.350000	216.782654	224.203719	0	0
189	9.400000	217.021853	222.386824	0	0
190	9.450000	217.292724	220.574381	0	0
191	9.500000	217.595186	218.766941	0	0
192	9.550000	217.929146	216.965055	0	0
193	9.600000	218.294502	215.169272	0	0
194	9.650000	218.691143	213.380139	0	0
195	9.700000	219.118949	211.598201	0	0
196	9.750000	219.577788	209.824000	0	0
197	9.800000	220.067522	208.058078	0	0
198	9.850000	220.588001	206.300971	0	0
199	9.900000	221.139066	204.553216	0	0
200	9.950000	221.720550	202.815344	0	0
201	10.000000	222.332275	201.087885	0	0
202	10.050000	222.974055	199.371365	0	0
203	10.100000	223.645695	197.666308	0	0
204	10.150000	224.346990	195.973232	0	0
205	10.200000	225.077727	194.292652	0	0
206	10.250000	225.837682	192.625083	0	0
207	10.300000	226.626625	190.971030	0	0
208	10.350000	227.444315	189.330998	0	0
209	10.400000	228.290503	187.705486	0	0
210	10.450000	229.164931	186.094990	0	0
211	10.500000	230.067333	184.500000	0	0
212	10.550000	230.997433	182.921002	0	0
213	10.600000	231.954950	181.358477	0	0
214	10.650000	232.939590	179.812901	0	0
215	10.700000	233.951055	178.284745	0	0
216	10.750000	234.989035	176.774474	0	0
217	10.800000	236.053216	175.282549	0	0
218	10.850000	237.143271	173.809423	0	0
219	10.900000	238.258871	172.355545	0	0
220	10.950000	239.399674	170.921359	0	0
221	11.000000	240.565333	169.507301	0	0
222	11.050000	241.755494	168.113802	0	0
223	11.100000	242.969793	166.741286	0	0
224	11.150000	244.207861	165.390172	0	0
225	11.200000	245.469321	164.060871	0	0
226	11.250000	246.753788	162.753788	0	0
227	11.300000	248.060871	161.469321	0	0
228	11.350000	249.390172	160.207861	0	0
229	11.400000	250.741286	158.969793	0	0
230	11.450000	252.113802	157.755494	0	0
231	11.500000	253.507301	156.565333	0	0
232	11.550000	254.921359	155.399674	0	0
233	11.600000	256.355545	154.258871	0	0
234	11.650000	257.809423	153.143271	0	0
235	11.700000	259.282549	152.053216	0	0
236	11.750000	260.774474	150.989035	0	0
237	11.800000	262.284745	149.951055	0	0
238	11.850000	263.812901	148.939590	0	0
239	11.900000	265.358477	147.954950	0	0
240	11.950000	266.921002	146.997433	0	0
241	12.000000	268.500000	146.067333	0	0
242	12.050000	270.094990	145.164931	0	0
243	12.100000	271.705486	144.290503	0	0
244	12.150000	273.330998	143.444315	0	0
245	12.200000	274.971030	142.626625	0	0
246	12.250000	276.625083	141.837682	0	0
247	12.300000	278.292652	141.077727	0	0
248	12.350000	279.973232	140.346990	0	0
249	12.400000	281.666308	139.645695	0	0
250	12.450000	283.371365	138.974055	0	0
251	12.500000	285.087885	138.332275	0	0
252	12.550000	286.815344	137.720550	0	0
253	12.600000	288.553216	137.139066	0	0
254	12.650000	290.300971	136.588001	0	0
255	12.700000	292.058078	136.067522	0	0
256	12.750000	293.824000	135.577788	0	0
257	12.800000	295.598201	135.118949	0	0
258	12.850000	297.380139	134.691143	0	0
259	12.900000	299.169272	134.294502	0	0
260	12.950000	300.965055	133.929146	0	0
261	13.000000	302.766941	133.595186	0	0
262	13.050000	304.574381	133.292724	0	0
263	13.100000	306.386824	133.021853	0	0
264	13.150000	308.203719	132.782654	0	0
265	13.200000	310.024511	132.575201	0	0
266	13.250000	311.848647	132.399557	0	0
267	13.300000	313.675570	132.255775	0	0
268	13.350000	315.504725	132.143899	0	0
269	13.400000	317.335553	132.063963	0	0
270	13.450000	319.167497	132.015992	0	0
271	13.500000	321.000000	132.000000	0	0
272	13.550000	322.832503	132.015992	0	0
273	13.600000	324.664447	132.063963	0	0
274	13.650000	326.495275	132.143899	0	0
275	13.700000	328.324430	132.255775	0	0
276	13.750000	330.151353	132.399557	0	0
277	13.800000	331.975489	132.575201	0	0
278	13.850000	333.796281	132.782654	0	0
279	13.900000	335.613176	133.021853	0	0
280	13.950000	337.425619	133.292724	0	0
281	14.000000	339.233059	133.595186	0	0
282	14.050000	341.034945	133.929146	0	0
283	14.100000	342.830728	134.294502	0	0
284	14.150000	344.619861	134.691143	0	0
285	14.200000	346.401799	135.118949	0	0
286	14.250000	348.176000	135.577788	0	0
287	14.300000	349.941922	136.067522	0	0
288	14.350000	351.699029	136.588001	0	0
289	14.400000	353.446784	137.139066	0	0
290	14.450000	355.184656	137.720550	0	0
291	14.500000	356.912115	138.332275	0	0
292	14.550000	358.628635	138.974055	0	0
293	14.600000	360.333692	139.645695	0	0
294	14.650000	362.026768	140.346990	0	0
295	14.700000	363.707348	141.077727	0	0
296	14.750000	365.374917	141.837682	0	0
297	14.800000	367.028970	142.626625	0	0
298	14.850000	368.669002	143.444315	0	0
299	14.900000	370.294514	144.290503	0	0
300	14.950000	371.905010	145.164931	0	0
301	15.000000	373.500000	146.067333	0	0
302	15.050000	375.078998	146.997433	0	0
303	15.100000	376.641523	147.954950	0	0
304	15.150000	378.187099	148.939590	0	0
305	15.200000	379.715255	149.951055	0	0
306	15.250000	381.225526	150.989035	0	0
307	15.300000	382.717451	152.053216	0	0
308	15.350000	384.190577	153.143271	0	0
309	15.400000	385.644455	154.258871	0	0
310	15.450000	387.078641	155.399674	0	0
311	15.500000	388.492699	156.565333	0	0
312	15.550000	389.886198	157.755494	0	0
313	15.600000	391.258714	158.969793	0	0
314	15.650000	392.609828	160.207861	0	0
315	15.700000	393.939129	161.469321	0	0
316	15.750000	395.246212	162.753788	0	0
317	15.800000	396.530679	164.060871	0	0
318	15.850000	397.792139	165.390172	0	0
319	15.900000	399.030207	166.741286	0	0
320	15.950000	400.244506	168.113802	0	0
321	16.000000	401.434667	169.507301	0	0
322	16.050000	402.600326	170.921359	0	0
323	16.100000	403.741129	172.355545	0	0
324	16.150000	404.856729	173.809423	0	0
325	16.200000	405.946784	175.282549	0	0
326	16.250000	407.010965	176.774474	0	0
327	16.300000	408.048945	178.284745	0	0
328	16.350000	409.060410	179.812901	0	0
329	16.400000	410.045050	181.358477	0	0
330	16.450000	411.002567	182.921002	0	0
331	16.500000	411.932667	184.500000	0	0
332	16.550000	412.835069	186.094990	0	0
333	16.600000	413.709497	187.705486	0	0
334	16.650000	414.555685	189.330998	0	0
335	16.700000	415.373375	190.971030	0	0
336	16.750000	416.162318	192.625083	0	0
337	16.800000	416.922273	194.292652	0	0
338	16.850000	417.653010	195.973232	0	0
339	16.900000	418.354305	197.666308	0	0
340	16.950000	419.025945	199.371365	0	0
341	17.000000	419.667725	201.087885	0	0
342	17.050000	420.279450	202.815344	0	0
343	17.100000	420.860934	204.553216	0	0
344	17.150000	421.411999	206.300971	0	0
345	17.200000	421.932478	208.058078	0	0
346	17.250000	422.422212	209.824000	0	0
347	17.300000	422.881051	211.598201	0	0
348	17.350000	423.308857	213.380139	0	0
349	17.400000	423.705498	215.169272	0	0
350	17.450000	424.070854	216.965055	0	0
351	17.500000	424.404814	218.766941	0	0
352	17.550000	424.707276	220.574381	0	0
353	17.600000	424.978147	222.386824	0	0
354	17.650000	425.217346	224.203719	0	0
355	17.700000	425.424799	226.024511	0	0
356	17.750000	425.600443	227.848647	0	0
357	17.800000	425.744225	229.675570	0	0
358	17.850000	425.856101	231.504725	0	0
359	17.900000	425.936037	233.335553	0	0
360	17.950000	425.984008	235.167497	0	0
361	18.000000	426.000000	237.000000	0	0
362	18.050000	425.984008	238.832503	0	0
363	18.100000	425.936037	240.664447	0	0
364	18.150000	425.856101	242.495275	0	0
365	18.200000	425.744225	244.324430	0	0
366	18.250000	425.600443	246.151353	0	0
367	18.300000	425.424799	247.975489	0	0
368	18.350000	425.217346	249.796281	0	0
369	18.400000	424.978147	251.613176	0	0
370	18.450000	424.707276	253.425619	0	0
371	18.500000	424.404814	255.233059	0	0
372	18.550000	424.070854	257.034945	0	0
373	18.600000	423.705498	258.830728	0	0
374	18.650000	423.308857	260.619861	0	0
375	18.700000	422.881051	262.401799	0	0
376	18.750000	422.422212	264.176000	0	0
377	18.800000	421.932478	265.941922	0	0
378	18.850000	421.411999	267.699029	0	0
379	18.900000	420.860934	269.446784	0	0
380	18.950000	420.279450	271.184656	0	0
381	19.000000	419.667725	272.912115	0	0
382	19.050000	419.025945	274.628635	0	0
383	19.100000	418.354305	276.333692	0	0
384	19.150000	417.653010	278.026768	0	0
385	19.200000	416.922273	279.707348	0	0
386	19.250000	416.162318	281.374917	0	0
387	19.300000	415.373375	283.028970	0	0
388	19.350000	414.555685	284.669002	0	0
389	19.400000	413.709497	286.294514	0	0
390	19.450000	412.835069	287.905010	0	0
391	19.500000	411.932667	289.500000	0	0
392	19.550000	411.002567	291.078998	0	0
393	19.600000	410.045050	292.641523	0	0
394	19.650000	409.060410	294.187099	0	0
395	19.700000	408.048945	295.715255	0	0
396	19.750000	407.010965	297.225526	0	0
397	19.800000	405.946784	298.717451	0	0
398	19.850000	404.856729	300.190577	0	0
399	19.900000	403.741129	301.644455	0	0
400	19.950000	402.600326	303.078641	0	0
401	20.000000	401.434667	304.492699	0	0
402	20.050000	400.244506	305.886198	0	0
403	20.100000	399.030207	307.258714	0	0
404	20.150000	397.792139	308.609828	0	0
405	20.200000	396.530679	309.939129	0	0
406	20.250000	395.246212	311.246212	0	0
407	20.300000	393.939129	312.530679	0	0
408	20.350000	392.609828	313.792139	0	0
409	20.400000	391.258714	315.030207	0	0
410	20.450000	389.886198	316.244506	0	0
411	20.500000	388.492699	317.434667	0	0
412	20.550000	387.078641	318.600326	0	0
413	20.600000	385.644455	319.741129	0	0
414	20.650000	384.190577	320.856729	0	0
415	20.700000	382.717451	321.946784	0	0
416	20.750000	381.225526	323.010965	0	0
417	20.800000	379.715255	324.048945	0	0
418	20.850000	378.187099	325.060410	0	0
419	20.900000	376.641523	326.045050	0	0
420	20.950000	375.078998	327.002567	0	0
421	21.000000	373.500000	327.932667	0	0
422	21.050000	371.905010	328.835069	0	0
423	21.100000	370.294514	329.709497	0	0
424	21.150000	368.669002	330.555685	0	0
425	21.200000	367.028970	331.373375	0	0
426	21.250000	365.374917	332.162318	0	0
427	21.300000	363.707348	332.922273	0	0
428	21.350000	362.026768	333.653010	0	0
429	21.400000	360.333692	334.354305	0	0
430	21.450000	358.628635	335.025945	0	0
431	21.500000	356.912115	335.667725	0	0
432	21.550000	355.184656	336.279450	0	0
433	21.600000	353.446784	336.860934	0	0
434	21.650000	351.699029	337.411999	0	0
435	21.700000	349.941922	337.932478	0	0
436	21.750000	348.176000	338.422212	0	0
437	21.800000	346.401799	338.881051	0	0
438	21.850000	344.619861	339.308857	0	0
439	21.900000	342.830728	339.705498	0	0
440	21.950000	341.034945	340.070854	0	0
441	22.000000	339.233059	340.404814	0	0
442	22.050000	337.425619	340.707276	0	0
443	22.100000	335.613176	340.978147	0	0
444	22.150000	333.796281	341.217346	0	0
445	22.200000	331.975489	341.424799	0	0
446	22.250000	330.151353	341.600443	0	0
447	22.300000	328.324430	341.744225	0	0
448	22.350000	326.495275	341.856101	0	0
449	22.400000	324.664447	341.936037	0	0
450	22.450000	322.832503	341.984008	0	0
451	22.500000	321.000000	342.000000	0	0
452	22.550000	319.167497	341.984008	0	0
453	22.600000	317.335553	341.936037	0	0
454	22.650000	315.504725	341.856101	0	0
455	22.700000	313.675570	341.744225	0	0
456	22.750000	311.848647	341.600443	0	0
457	22.800000	310.024511	341.424799	0	0
458	22.850000	308.203719	341.217346	0	0
459	22.900000	306.386824	340.978147	0	0
460	22.950000	304.574381	340.707276	0	0
461	23.000000	302.766941	340.404814	0	0
462	23.050000	300.965055	340.070854	0	0
463	23.100000	299.169272	339.705498	0	0
464	23.150000	297.380139	339.308857	0	0
465	23.200000	295.598201	338.881051	0	0
466	23.250000	293.824000	338.422212	0	0
467	23.300000	292.058078	337.932478	0	0
468	23.350000	290.300971	337.411999	0	0
469	23.400000	288.553216	336.860934	0	0
470	23.450000	286.815344	336.279450	0	0
471	23.500000	285.087885	335.667725	0	0
472	23.550000	283.371365	335.025945	0	0
473	23.600000	281.666308	334.354305	0	0
474	23.650000	279.973232	333.653010	0	0
475	23.700000	278.292652	332.922273	0	0
476	23.750000	276.625083	332.162318	0	0
477	23.800000	274.971030	331.373375	0	0
478	23.850000	273.330998	330.555685	0	0
479	23.900000	271.705486	329.709497	0	0
480	23.950000	270.094990	328.835069	0	0
481	24.000000	268.500000	327.932667	0	0
482	24.050000	266.921002	327.002567	0	0
483	24.100000	265.358477	326.045050	0	0
484	24.150000	263.812901	325.060410	0	0
485	24.200000	262.284745	324.048945	0	0
486	24.250000	260.774474	323.010965	0	0
487	24.300000	259.282549	321.946784	0	0
488	24.350000	257.809423	320.856729	0	0
489	24.400000	256.355545	319.741129	0	0
490	24.450000	254.921359	318.600326	0	0
491	24.500000	253.507301	317.434667	0	0
492	24.550000	252.113802	316.244506	0	0
493	24.600000	250.741286	315.030207	0	0
494	24.650000	249.390172	313.792139	0	0
495	24.700000	248.060871	312.530679	0	0
496	24.750000	246.753788	311.246212	0	0
497	24.800000	245.469321	309.939129	0	0
498	24.850000	244.207861	308.609828	0	0
499	24.900000	242.969793	307.258714	0	0
500	24.950000	241.755494	305.886198	0	0
501	25.000000	240.565333	304.492699	0	0
502	25.050000	239.399674	303.078641	0	0
503	25.100000	238.258871	301.644455	0	0
504	25.150000	237.143271	300.190577	0	0
505	25.200000	236.053216	298.717451	0	0
506	25.250000	234.989035	297.225526	0	0
507	25.300000	233.951055	295.715255	0	0
508	25.350000	232.939590	294.187099	0	0
509	25.400000	231.954950	292.641523	0	0
510	25.450000	230.997433	291.078998	0	0
511	25.500000	230.067333	289.500000	0	0
512	25.550000	229.164931	287.905010	0	0
513	25.600000	228.290503	286.294514	0	0
514	25.650000	227.444315	284.669002	0	0
515	25.700000	226.626625	283.028970	0	0
516	25.750000	225.837682	281.374917	0	0
517	25.800000	225.077727	279.707348	0	0
518	25.850000	224.346990	278.026768	0	0
519	25.900000	223.645695	276.333692	0	0
520	25.950000	222.974055	274.628635	0	0
521	26.000000	222.332275	272.912115	0	0
522	26.050000	221.720550	271.184656	0	0
523	26.100000	221.139066	269.446784	0	0
524	26.150000	220.588001	267.699029	0	0
525	26.200000	220.067522	265.941922	0	0
526	26.250000	219.577788	264.176000	0	0
527	26.300000	219.118949	262.401799	0	0
528	26.350000	218.691143	260.619861	0	0
529	26.400000	218.294502	258.830728	0	0
530	26.450000	217.929146	257.034945	0	0
531	26.500000	217.595186	255.233059	0	0
532	26.550000	217.292724	253.425619	0	0
533	26.600000	217.021853	251.613176	0	0
534	26.650000	216.782654	249.796281	0	0
535	26.700000	216.575201	247.975489	0	0
536	26.750000	216.399557	246.151353	0	0
537	26.800000	216.255775	244.324430	0	0
538	26.850000	216.143899	242.495275	0	0
539	26.900000	216.063963	240.664447	0	0
540	26.950000	216.015992	238.832503	0	0
541	27.000000	216.000000	237.000000	0	0
542	27.050000	216.015992	235.167497	0	0
543	27.100000	216.063963	233.335553	0	0
544	27.150000	216.143899	231.504725	0	0
545	27.200000	216.255775	229.675570	0	0
546	27.250000	216.399557	227.848647	0	0
547	27.300000	216.575201	226.024511	0	0
548	27.350000	216.782654	224.203719	0	0
549	27.400000	217.021853	222.386824	0	0
550	27.450000	217.292724	220.574381	0	0
551	27.500000	217.595186	218.766941	0	0
552	27.550000	217.929146	216.965055	0	0
553	27.600000	218.294502	215.169272	0	0
554	27.650000	218.691143	213.380139	0	0
555	27.700000	219.118949	211.598201	0	0
556	27.750000	219.577788	209.824000	0	0
557	27.800000	220.067522	208.058078	0	0
558	27.850000	220.588001	206.300971	0	0
559	27.900000	221.139066	204.553216	0	0
560	27.950000	221.720550	202.815344	0	0
561	28.000000	222.332275	201.087885	0	0
562	28.050000	222.974055	199.371365	0	0
563	28.100000	223.645695	197.666308	0	0
564	28.150000	224.346990	195.973232	0	0
565	28.200000	225.077727	194.292652	0	0
566	28.250000	225.837682	192.625083	0	0
567	28.300000	226.626625	190.971030	0	0
568	28.350000	227.444315	189.330998	0	0
569	28.400000	228.290503	187.705486	0	0
570	28.450000	229.164931	186.094990	0	0
571	28.500000	230.067333	184.500000	0	0
572	28.550000	230.997433	182.921002	0	0
573	28.600000	231.954950	181.358477	0	0
574	28.650000	232.939590	179.812901	0	0
575	28.700000	233.951055	178.284745	0	0
576	28.750000	234.989035	176.774474	0	0
577	28.800000	236.053216	175.282549	0	0
578	28.850000	237.143271	173.809423	0	0
579	28.900000	238.258871	172.355545	0	0
580	28.950000	239.399674	170.921359	0	0
581	29.000000	240.565333	169.507301	0	0
582	29.050000	241.755494	168.113802	0	0
583	29.100000	242.969793	166.741286	0	0
584	29.150000	244.207861	165.390172	0	0
585	29.200000	245.469321	164.060871	0	0
586	29.250000	246.753788	162.753788	0	0
587	29.300000	248.060871	161.469321	0	0
588	29.350000	249.390172	160.207861	0	0
589	29.400000	250.741286	158.969793	0	0
590	29.450000	252.113802	157.755494	0	0
591	29.500000	253.507301	156.565333	0	0
592	29.550000	254.921359	155.399674	0	0
593	29.600000	256.355545	154.258871	0	0
594	29.650000	257.809423	153.143271	0	0
595	29.700000	259.282549	152.053216	0	0
596	29.750000	260.774474	150.989035	0	0
597	29.800000	262.284745	149.951055	0	0
598	29.850000	263.812901	148.939590	0	0
599	29.900000	265.358477	147.954950	0	0
600	29.950000	266.921002	146.997433	0	0
601	30.000000	268.500000	146.067333	0	0
602	30.050000	270.094990	145.164931	0	0
603	30.100000	271.705486	144.290503	0	0
604	30.150000	273.330998	143.444315	0	0
605	30.200000	274.971030	142.626625	0	0
606	30.250000	276.625083	141.837682	0	0
607	30.300000	278.292652	141.077727	0	0
608	30.350000	279.973232	140.346990	0	0
609	30.400000	281.666308	139.645695	0	0
610	30.450000	283.371365	138.974055	0	0
611	30.500000	285.087885	138.332275	0	0
612	30.550000	286.815344	137.720550	0	0
613	30.600000	288.553216	137.139066	0	0
614	30.650000	290.300971	136.588001	0	0
615	30.700000	292.058078	136.067522	0	0
616	30.750000	293.824000	135.577788	0	0
617	30.800000	295.598201	135.118949	0	0
618	30.850000	297.380139	134.691143	0	0
619	30.900000	299.169272	134.294502	0	0
620	30.950000	300.965055	133.929146	0	0
621	31.000000	302.766941	133.595186	0	0
622	31.050000	304.574381	133.292724	0	0
623	31.100000	306.386824	133.021853	0	0
624	31.150000	308.203719	132.782654	0	0
625	31.200000	310.024511	132.575201	0	0
626	31.250000	311.848647	132.399557	0	0
627	31.300000	313.675570	132.255775	0	0
628	31.350000	315.504725	132.143899	0	0
629	31.400000	317.335553	132.063963	0	0
630	31.450000	319.167497	132.015992	0	0
631	31.500000	321.000000	132.000000	0	0
632	31.550000	322.832503	132.015992	0	0
633	31.600000	324.664447	132.063963	0	0
634	31.650000	326.495275	132.143899	0	0
635	31.700000	328.324430	132.255775	0	0
636	31.750000	330.151353	132.399557	0	0
637	31.800000	331.975489	132.575201	0	0
638	31.850000	333.796281	132.782654	0	0
639	31.900000	335.613176	133.021853	0	0
640	31.950000	337.425619	133.292724	0	0
641	32.000000	339.233059	133.595186	0	0
642	32.050000	341.034945	133.929146	0	0
643	32.100000	342.830728	134.294502	0	0
644	32.150000	344.619861	134.691143	0	0
645	32.200000	346.401799	135.118949	0	0
646	32.250000	348.176000	135.577788	0	0
647	32.300000	349.941922	136.067522	0	0
648	32.350000	351.699029	136.588001	0	0
649	32.400000	353.446784	137.139066	0	0
650	32.450000	355.184656	137.720550	0	0
651	32.500000	356.912115	138.332275	0	0
652	32.550000	358.628635	138.974055	0	0
653	32.600000	360.333692	139.645695	0	0
654	32.650000	362.026768	140.346990	0	0
655	32.700000	363.707348	141.077727	0	0
656	32.750000	365.374917	141.837682	0	0
657	32.800000	367.028970	142.626625	0	0
658	32.850000	368.669002	143.444315	0	0
659	32.900000	370.294514	144.290503	0	0
660	32.950000	371.905010	145.164931	0	0
661	33.000000	373.500000	146.067333	0	0
662	33.050000	375.078998	146.997433	0	0
663	33.100000	376.641523	147.954950	0	0
664	33.150000	378.187099	148.939590	0	0
665	33.200000	379.715255	149.951055	0	0
666	33.250000	381.225526	150.989035	0	0
667	33.300000	382.717451	152.053216	0	0
668	33.350000	384.190577	153.143271	0	0
669	33.400000	385.644455	154.258871	0	0
670	33.450000	387.078641	155.399674	0	0
671	33.500000	388.492699	156.565333	0	0
672	33.550000	389.886198	157.755494	0	0
673	33.600000	391.258714	158.969793	0	0
674	33.650000	392.609828	160.207861	0	0
675	33.700000	393.939129	161.469321	0	0
676	33.750000	395.246212	162.753788	0	0
677	33.800000	396.530679	164.060871	0	0
678	33.850000	397.792139	165.390172	0	0
679	33.900000	399.030207	166.741286	0	0
680	33.950000	400.244506	168.113802	0	0
681	34.000000	401.434667	169.507301	0	0
682	34.050000	402.600326	170.921359	0	0
683	34.100000	403.741129	172.355545	0	0
684	34.150000	404.856729	173.809423	0	0
685	34.200000	405.946784	175.282549	0	0
686	34.250000	407.010965	176.774474	0	0
687	34.300000	408.048945	178.284745	0	0
688	34.350000	409.060410	179.812901	0	0
689	34.400000	410.045050	181.358477	0	0
690	34.450000	411.002567	182.921002	0	0
691	34.500000	411.932667	184.500000	0	0
692	34.550000	412.835069	186.094990	0	0
693	34.600000	413.709497	187.705486	0	0
694	34.650000	414.555685	189.330998	0	0
695	34.700000	415.373375	190.971030	0	0
696	34.750000	416.162318	192.625083	0	0
697	34.800000	416.922273	194.292652	0	0
698	34.850000	417.653010	195.973232	0	0
699	34.900000	418.354305	197.666308	0	0
700	34.950000	419.025945	199.371365	0	0
701	35.000000	419.667725	201.087885	0	0
702	35.050000	420.279450	202.815344	0	0
703	35.100000	420.860934	204.553216	0	0
704	35.150000	421.411999	206.300971	0	0
705	35.200000	421.932478	208.058078	0	0
706	35.250000	422.422212	209.824000	0	0
707	35.300000	422.881051	211.598201	0	0
708	35.350000	423.308857	213.380139	0	0
709	35.400000	423.705498	215.169272	0	0
710	35.450000	424.070854	216.965055	0	0
711	35.500000	424.404814	218.766941	0	0
712	35.550000	424.707276	220.574381	0	0
713	35.600000	424.978147	222.386824	0	0
714	35.650000	425.217346	224.203719	0	0
715	35.700000	425.424799	226.024511	0	0
716	35.750000	425.600443	227.848647	0	0
717	35.800000	425.744225	229.675570	0	0
718	35.850000	425.856101	231.504725	0	0
719	35.900000	425.936037	233.335553	0	0
720	35.950000	425.984008	235.167497	0	0
721	36.000000	426.000000	237.000000	0	0
722	36.050000	425.984008	238.832503	0	0
723	36.100000	425.936037	240.664447	0	0
724	36.150000	425.856101	242.495275	0	0
725	36.200000	425.744225	244.324430	0	0
726	36.250000	425.600443	246.151353	0	0
727	36.300000	425.424799	247.975489	0	0
728	36.350000	425.217346	249.796281	0	0
729	36.400000	424.978147	251.613176	0	0
730	36.450000	424.707276	253.425619	0	0
731	36.500000	424.404814	255.233059	0	0
732	36.550000	424.070854	257.034945	0	0
733	36.600000	423.705498	258.830728	0	0
734	36.650000	423.308857	260.619861	0	0
735	36.700000	422.881051	262.401799	0	0
736	36.750000	422.422212	264.176000	0	0
737	36.800000	421.932478	265.941922	0	0
738	36.850000	421.411999	267.699029	0	0
739	36.900000	420.860934	269.446784	0	0
740	36.950000	420.279450	271.184656	0	0
741	37.000000	419.667725	272.912115	0	0
742	37.050000	419.025945	274.628635	0	0
743	37.100000	418.354305	276.333692	0	0
744	37.150000	417.653010	278.026768	0	0
745	37.200000	416.922273	279.707348	0	0
746	37.250000	416.162318	281.374917	0	0
747	37.300000	415.373375	283.028970	0	0
748	37.350000	414.555685	284.669002	0	0
749	37.400000	413.709497	286.294514	0	0
750	37.450000	412.835069	287.905010	0	0
751	37.500000	411.932667	289.500000	0	0
752	37.550000	411.002567	291.078998	0	0
753	37.600000	410.045050	292.641523	0	0
754	37.650000	409.060410	294.187099	0	0
755	37.700000	408.048945	295.715255	0	0
756	37.750000	407.010965	297.225526	0	0
757	37.800000	405.946784	298.717451	0	0
758	37.850000	404.856729	300.190577	0	0
759	37.900000	403.741129	301.644455	0	0
760	37.950000	402.600326	303.078641	0	0
761	38.000000	401.434667	304.492699	0	0
762	38.050000	400.244506	305.886198	0	0
763	38.100000	399.030207	307.258714	0	0
764	38.150000	397.792139	308.609828	0	0
765	38.200000	396.530679	309.939129	0	0
766	38.250000	395.246212	311.246212	0	0
767	38.300000	393.939129	312.530679	0	0
768	38.350000	392.609828	313.792139	0	0
769	38.400000	391.258714	315.030207	0	0
770	38.450000	389.886198	316.244506	0	0
771	38.500000	388.492699	317.434667	0	0
772	38.550000	387.078641	318.600326	0	0
773	38.600000	385.644455	319.741129	0	0
774	38.650000	384.190577	320.856729	0	0
775	38.700000	382.717451	321.946784	0	0
776	38.750000	381.225526	323.010965	0	0
777	38.800000	379.715255	324.048945	0	0
778	38.850000	378.187099	325.060410	0	0
779	38.900000	376.641523	326.045050	0	0
780	38.950000	375.078998	327.002567	0	0
781	39.000000	373.500000	327.932667	0	0
782	39.050000	371.905010	328.835069	0	0
783	39.100000	370.294514	329.709497	0	0
784	39.150000	368.669002	330.555685	0	0
785	39.200000	367.028970	331.373375	0	0
786	39.250000	365.374917	332.162318	0	0
787	39.300000	363.707348	332.922273	0	0
788	39.350000	362.026768	333.653010	0	0
789	39.400000	360.333692	334.354305	0	0
790	39.450000	358.628635	335.025945	0	0
791	39.500000	356.912115	335.667725	0	0
792	39.550000	355.184656	336.279450	0	0
793	39.600000	353.446784	336.860934	0	0
794	39.650000	351.699029	337.411999	0	0
795	39.700000	349.941922	337.932478	0	0
796	39.750000	348.176000	338.422212	0	0
797	39.800000	346.401799	338.881051	0	0
798	39.850000	344.619861	339.308857	0	0
799	39.900000	342.830728	339.705498	0	0
800	39.950000	341.034945	340.070854	0	0
801	40.000000	339.233059	340.404814	0	0
802	40.050000	337.425619	340.707276	0	0
803	40.100000	335.613176	340.978147	0	0
804	40.150000	333.796281	341.217346	0	0
805	40.200000	331.975489	341.424799	0	0
806	40.250000	330.151353	341.600443	0	0
807	40.300000	328.324430	341.744225	0	0
808	40.350000	326.495275	341.856101	0	0
809	40.400000	324.664447	341.936037	0	0
810	40.450000	322.832503	341.984008	0	0
811	40.500000	321.000000	342.000000	0	0
812	40.550000	319.167497	341.984008	0	0
813	40.600000	317.335553	341.936037	0	0
814	40.650000	315.504725	341.856101	0	0
815	40.700000	313.675570	341.744225	0	0
816	40.750000	311.848647	341.600443	0	0
817	40.800000	310.024511	341.424799	0	0
818	40.850000	308.203719	341.217346	0	0
819	40.900000	306.386824	340.978147	0	0
820	40.950000	304.574381	340.707276	0	0
821	41.000000	302.766941	340.404814	0	0
822	41.050000	300.965055	340.070854	0	0
823	41.100000	299.169272	339.705498	0	0
824	41.150000	297.380139	339.308857	0	0
825	41.200000	295.598201	338.881051	0	0
826	41.250000	293.824000	338.422212	0	0
827	41.300000	292.058078	337.932478	0	0
828	41.350000	290.300971	337.411999	0	0
829	41.400000	288.553216	336.860934	0	0
830	41.450000	286.815344	336.279450	0	0
831	41.500000	285.087885	335.667725	0	0
832	41.550000	283.371365	335.025945	0	0
833	41.600000	281.666308	334.354305	0	0
834	41.650000	279.973232	333.653010	0	0
835	41.700000	278.292652	332.922273	0	0
836	41.750000	276.625083	332.162318	0	0
837	41.800000	274.971030	331.373375	0	0
838	41.850000	273.330998	330.555685	0	0
839	41.900000	271.705486	329.709497	0	0
840	41.950000	270.094990	328.835069	0	0
841	42.000000	268.500000	327.932667	0	0
842	42.050000	266.921002	327.002567	0	0
843	42.100000	265.358477	326.045050	0	0
844	42.150000	263.812901	325.060410	0	0
845	42.200000	262.284745	324.048945	0	0
846	42.250000	260.774474	323.010965	0	0
847	42.300000	259.282549	321.946784	0	0
848	42.350000	257.809423	320.856729	0	0
849	42.400000	256.355545	319.741129	0	0
850	42.450000	254.921359	318.600326	0	0
851	42.500000	253.507301	317.434667	0	0
852	42.550000	252.113802	316.244506	0	0
853	42.600000	250.741286	315.030207	0	0
854	42.650000	249.390172	313.792139	0	0
855	42.700000	248.060871	312.530679	0	0
856	42.750000	246.753788	311.246212	0	0
857	42.800000	245.469321	309.939129	0	0
858	42.850000	244.207861	308.609828	0	0
859	42.900000	242.969793	307.258714	0	0
860	42.950000	241.755494	305.886198	0	0
861	43.000000	240.565333	304.492699	0	0
862	43.050000	239.399674	303.078641	0	0
863	43.100000	238.258871	301.644455	0	0
864	43.150000	237.143271	300.190577	0	0
865	43.200000	236.053216	298.717451	0	0
866	43.250000	234.989035	297.225526	0	0
867	43.300000	233.951055	295.715255	0	0
868	43.350000	232.939590	294.187099	0	0
869	43.400000	231.954950	292.641523	0	0
870	43.450000	230.997433	291.078998	0	0
871	43.500000	230.067333	289.500000	0	0
872	43.550000	229.164931	287.905010	0	0
873	43.600000	228.290503	286.294514	0	0
874	43.650000	227.444315	284.669002	0	0
875	43.700000	226.626625	283.028970	0	0
876	43.750000	225.837682	281.374917	0	0
877	43.800000	225.077727	279.707348	0	0
878	43.850000	224.346990	278.026768	0	0
879	43.900000	223.645695	276.333692	0	0
880	43.950000	222.974055	274.628635	0	0
881	44.000000	222.332275	272.912115	0	0
882	44.050000	221.720550	271.184656	0	0
883	44.100000	221.139066	269.446784	0	0
884	44.150000	220.588001	267.699029	0	0
885	44.200000	220.067522	265.941922	0	0
886	44.250000	219.577788	264.176000	0	0
887	44.300000	219.118949	262.401799	0	0
888	44.350000	218.691143	260.619861	0	0
889	44.400000	218.294502	258.830728	0	0
890	44.450000	217.929146	257.034945	0	0
891	44.500000	217.595186	255.233059	0	0
892	44.550000	217.292724	253.425619	0	0
893	44.600000	217.021853	251.613176	0	0
894	44.650000	216.782654	249.796281	0	0
895	44.700000	216.575201	247.975489	0	0
896	44.750000	216.399557	246.151353	0	0
897	44.800000	216.255775	244.324430	0	0
898	44.850000	216.143899	242.495275	0	0
899	44.900000	216.063963	240.664447	0	0
900	44.950000	216.015992	238.832503	0	0
901	45.000000	216.000000	237.000000	0	0
902	45.050000	216.015992	235.167497	0	0
903	45.100000	216.063963	233.335553	0	0
904	45.150000	216.143899	231.504725	0	0
905	45.200000	216.255775	229.675570	0	0
906	45.250000	216.399557	227.848647	0	0
907	45.300000	216.575201	226.024511	0	0
908	45.350000	216.782654	224.203719	0	0
909	45.400000	217.021853	222.386824	0	0
910	45.450000	217.292724	220.574381	0	0
911	45.500000	217.595186	218.766941	0	0
912	45.550000	217.929146	216.965055	0	0
913	45.600000	218.294502	215.169272	0	0
914	45.650000	218.691143	213.380139	0	0
915	45.700000	219.118949	211.598201	0	0
916	45.750000	219.577788	209.824000	0	0
917	45.800000	220.067522	208.058078	0	0
918	45.850000	220.588001	206.300971	0	0
919	45.900000	221.139066	204.553216	0	0
920	45.950000	221.720550	202.815344	0	0
921	46.000000	222.332275	201.087885	0	0
922	46.050000	222.974055	199.371365	0	0
923	46.100000	223.645695	197.666308	0	0
924	46.150000	224.346990	195.973232	0	0
925	46.200000	225.077727	194.292652	0	0
926	46.250000	225.837682	192.625083	0	0
927	46.300000	226.626625	190.971030	0	0
928	46.350000	227.444315	189.330998	0	0
929	46.400000	228.290503	187.705486	0	0
930	46.450000	229.164931	186.094990	0	0
931	46.500000	230.067333	184.500000	0	0
932	46.550000	230.997433	182.921002	0	0
933	46.600000	231.954950	181.358477	0	0
934	46.650000	232.939590	179.812901	0	0
935	46.700000	233.951055	178.284745	0	0
936	46.750000	234.989035	176.774474	0	0
937	46.800000	236.053216	175.282549	0	0
938	46.850000	237.143271	173.809423	0	0
939	46.900000	238.258871	172.355545	0	0
940	46.950000	239.399674	170.921359	0	0
941	47.000000	240.565333	169.507301	0	0
942	47.050000	241.755494	168.113802	0	0
943	47.100000	242.969793	166.741286	0	0
944	47.150000	244.207861	165.390172	0	0
945	47.200000	245.469321	164.060871	0	0
946	47.250000	246.753788	162.753788	0	0
947	47.300000	248.060871	161.469321	0	0
948	47.350000	249.390172	160.207861	0	0
949	47.400000	250.741286	158.969793	0	0
950	47.450000	252.113802	157.755494	0	0
951	47.500000	253.507301	156.565333	0	0
952	47.550000	254.921359	155.399674	0	0
953	47.600000	256.355545	154.258871	0	0
954	47.650000	257.809423	153.143271	0	0
955	47.700000	259.282549	152.053216	0	0
956	47.750000	260.774474	150.989035	0	0
957	47.800000	262.284745	149.951055	0	0
958	47.850000	263.812901	148.939590	0	0
959	47.900000	265.358477	147.954950	0	0
960	47.950000	266.921002	146.997433	0	0
961	48.000000	268.500000	146.067333	0	0
962	48.050000	270.094990	145.164931	0	0
963	48.100000	271.705486	144.290503	0	0
964	48.150000	273.330998	143.444315	0	0
965	48.200000	274.971030	142.626625	0	0
966	48.250000	276.625083	141.837682	0	0
967	48.300000	278.292652	141.077727	0	0
968	48.350000	279.973232	140.346990	0	0
969	48.400000	281.666308	139.645695	0	0
970	48.450000	283.371365	138.974055	0	0
971	48.500000	285.087885	138.332275	0	0
972	48.550000	286.815344	137.720550	0	0
973	48.600000	288.553216	137.139066	0	0
974	48.650000	290.300971	136.588001	0	0
975	48.700000	292.058078	136.067522	0	0
976	48.750000	293.824000	135.577788	0	0
977	48.800000	295.598201	135.118949	0	0
978	48.850000	297.380139	134.691143	0	0
979	48.900000	299.169272	134.294502	0	0
980	48.950000	300.965055	133.929146	0	0
981	49.000000	302.766941	133.595186	0	0
982	49.050000	304.574381	133.292724	0	0
983	49.100000	306.386824	133.021853	0	0
984	49.150000	308.203719	132.782654	0	0
985	49.200000	310.024511	132.575201	0	0
986	49.250000	311.848647	132.399557	0	0
987	49.300000	313.675570	132.255775	0	0
988	49.350000	315.504725	132.143899	0	0
989	49.400000	317.335553	132.063963	0	0
990	49.450000	319.167497	132.015992	0	0
991	49.500000	321.000000	132.000000	0	0
992	49.550000	322.832503	132.015992	0	0
993	49.600000	324.664447	132.063963	0	0
994	49.650000	326.495275	132.143899	0	0
995	49.700000	328.324430	132.255775	0	0
996	49.750000	330.151353	132.399557	0	0
997	49.800000	331.975489	132.575201	0	0
998	49.850000	333.796281	132.782654	0	0
999	49.900000	335.613176	133.021853	0	0
1000	49.950000	337.425619	133.292724	0	0
1001	50.000000	339.233059	133.595186	0	0
1002	50.050000	341.034945	133.929146	0	0
1003	50.100000	342.830728	134.294502	0	0
1004	50.150000	344.619861	134.691143	0	0
1005	50.200000	346.401799	135.118949	0	0
1006	50.250000	348.176000	135.577788	0	0
1007	50.300000	349.941922	136.067522	0	0
1008	50.350000	351.699029	136.588001	0	0
1009	50.400000	353.446784	137.139066	0	0
1010	50.450000	355.184656	137.720550	0	0
1011	50.500000	356.912115	138.332275	0	0
1012	50.550000	358.628635	138.974055	0	0
1013	50.600000	360.333692	139.645695	0	0
1014	50.650000	362.026768	140.346990	0	0
1015	50.700000	363.707348	141.077727	0	0
1016	50.750000	365.374917	141.837682	0	0
1017	50.800000	367.028970	142.626625	0	0
1018	50.850000	368.669002	143.444315	0	0
1019	50.900000	370.294514	144.290503	0	0
1020	50.950000	371.905010	145.164931	0	0
1021	51.000000	373.500000	146.067333	0	0
1022	51.050000	375.078998	146.997433	0	0
1023	51.100000	376.641523	147.954950	0	0
1024	51.150000	378.187099	148.939590	0	0
1025	51.200000	379.715255	149.951055	0	0
1026	51.250000	381.225526	150.989035	0	0
1027	51.300000	382.717451	152.053216	0	0
1028	51.350000	384.190577	153.143271	0	0
1029	51.400000	385.644455	154.258871	0	0
1030	51.450000	387.078641	155.399674	0	0
1031	51.500000	388.492699	156.565333	0	0
1032	51.550000	389.886198	157.755494	0	0
1033	51.600000	391.258714	158.969793	0	0
1034	51.650000	392.609828	160.207861	0	0
1035	51.700000	393.939129	161.469321	0	0
1036	51.750000	395.246212	162.753788	0	0
1037	51.800000	396.530679	164.060871	0	0
1038	51.850000	397.792139	165.390172	0	0
1039	51.900000	399.030207	166.741286	0	0
1040	51.950000	400.244506	168.113802	0	0
1041	52.000000	401.434667	169.507301	0	0
1042	52.050000	402.600326	170.921359	0	0
1043	52.100000	403.741129	172.355545	0	0
1044	52.150000	404.856729	173.809423	0	0
1045	52.200000	405.946784	175.282549	0	0
1046	52.250000	407.010965	176.774474	0	0
1047	52.300000	408.048945	178.284745	0	0
1048	52.350000	409.060410	179.812901	0	0
1049	52.400000	410.045050	181.358477	0	0
1050	52.450000	411.002567	182.921002	0	0
1051	52.500000	411.932667	184.500000	0	0
1052	52.550000	412.835069	186.094990	0	0
1053	52.600000	413.709497	187.705486	0	0
1054	52.650000	414.555685	189.330998	0	0
1055	52.700000	415.373375	190.971030	0	0
1056	52.750000	416.162318	192.625083	0	0
1057	52.800000	416.922273	194.292652	0	0
1058	52.850000	417.653010	195.973232	0	0
1059	52.900000	418.354305	197.666308	0	0
1060	52.950000	419.025945	199.371365	0	0
1061	53.000000	419.667725	201.087885	0	0
1062	53.050000	420.279450	202.815344	0	0
1063	53.100000	420.860934	204.553216	0	0
1064	53.150000	421.411999	206.300971	0	0
1065	53.200000	421.932478	208.058078	0	0
1066	53.250000	422.422212	209.824000	0	0
1067	53.300000	422.881051	211.598201	0	0
1068	53.350000	423.308857	213.380139	0	0
1069	53.400000	423.705498	215.169272	0	0
1070	53.450000	424.070854	216.965055	0	0
1071	53.500000	424.404814	218.766941	0	0
1072	53.550000	424.707276	220.574381	0	0
1073	53.600000	424.978147	222.386824	0	0
1074	53.650000	425.217346	224.203719	0	0
1075	53.700000	425.424799	226.024511	0	0
1076	53.750000	425.600443	227.848647	0	0
1077	53.800000	425.744225	229.675570	0	0
1078	53.850000	425.856101	231.504725	0	0
1079	53.900000	425.936037	233.335553	0	0
1080	53.950000	425.984008	235.167497	0	0
1081	54.000000	426.000000	237.000000	0	0
1082	54.050000	425.984008	238.832503	0	0
1083	54.100000	425.936037	240.664447	0	0
1084	54.150000	425.856101	242.495275	0	0
1085	54.200000	425.744225	244.324430	0	0
1086	54.250000	425.600443	246.151353	0	0
1087	54.300000	425.424799	247.975489	0	0
1088	54.350000	425.217346	249.796281	0	0
1089	54.400000	424.978147	251.613176	0	0
1090	54.450000	424.707276	253.425619	0	0
1091	54.500000	424.404814	255.233059	0	0
1092	54.550000	424.070854	257.034945	0	0
1093	54.600000	423.705498	258.830728	0	0
1094	54.650000	423.308857	260.619861	0	0
1095	54.700000	422.881051	262.401799	0	0
1096	54.750000	422.422212	264.176000	0	0
1097	54.800000	421.932478	265.941922	0	0
1098	54.850000	421.411999	267.699029	0	0
1099	54.900000	420.860934	269.446784	0	0
1100	54.950000	420.279450	271.184656	0	0
1101	55.000000	419.667725	272.912115	0	0
1102	55.050000	419.025945	274.628635	0	0
1103	55.100000	418.354305	276.333692	0	0
1104	55.150000	417.653010	278.026768	0	0
1105	55.200000	416.922273	279.707348	0	0
1106	55.250000	416.162318	281.374917	0	0
1107	55.300000	415.373375	283.028970	0	0
1108	55.350000	414.555685	284.669002	0	0
1109	55.400000	413.709497	286.294514	0	0
1110	55.450000	412.835069	287.905010	0	0
1111	55.500000	411.932667	289.500000	0	0
1112	55.550000	411.002567	291.078998	0	0
1113	55.600000	410.045050	292.641523	0	0
1114	55.650000	409.060410	294.187099	0	0
1115	55.700000	408.048945	295.715255	0	0
1116	55.750000	407.010965	297.225526	0	0
1117	55.800000	405.946784	298.717451	0	0
1118	55.850000	404.856729	300.190577	0	0
1119	55.900000	403.741129	301.644455	0	0
1120	55.950000	402.600326	303.078641	0	0
1121	56.000000	401.434667	304.492699	0	0
1122	56.050000	400.244506	305.886198	0	0
1123	56.100000	399.030207	307.258714	0	0
1124	56.150000	397.792139	308.609828	0	0
1125	56.200000	396.530679	309.939129	0	0
1126	56.250000	395.246212	311.246212	0	0
1127	56.300000	393.939129	312.530679	0	0
1128	56.350000	392.609828	313.792139	0	0
1129	56.400000	391.258714	315.030207	0	0
1130	56.450000	389.886198	316.244506	0	0
1131	56.500000	388.492699	317.434667	0	0
1132	56.550000	387.078641	318.600326	0	0
1133	56.600000	385.644455	319.741129	0	0
1134	56.650000	384.190577	320.856729	0	0
1135	56.700000	382.717451	321.946784	0	0
1136	56.750000	381.225526	323.010965	0	0
1137	56.800000	379.715255	324.048945	0	0
1138	56.850000	378.187099	325.060410	0	0
1139	56.900000	376.641523	326.045050	0	0
1140	56.950000	375.078998	327.002567	0	0
1141	57.000000	373.500000	327.932667	0	0
1142	57.050000	371.905010	328.835069	0	0
1143	57.100000	370.294514	329.709497	0	0
1144	57.150000	368.669002	330.555685	0	0
1145	57.200000	367.028970	331.373375	0	0
1146	57.250000	365.374917	332.162318	0	0
1147	57.300000	363.707348	332.922273	0	0
1148	57.350000	362.026768	333.653010	0	0
1149	57.400000	360.333692	334.354305	0	0
1150	57.450000	358.628635	335.025945	0	0
1151	57.500000	356.912115	335.667725	0	0
1152	57.550000	355.184656	336.279450	0	0
1153	57.600000	353.446784	336.860934	0	0
1154	57.650000	351.699029	337.411999	0	0
1155	57.700000	349.941922	337.932478	0	0
1156	57.750000	348.176000	338.422212	0	0
1157	57.800000	346.401799	338.881051	0	0
1158	57.850000	344.619861	339.308857	0	0
1159	57.900000	342.830728	339.705498	0	0
1160	57.950000	341.034945	340.070854	0	0
1161	58.000000	339.233059	340.404814	0	0
1162	58.050000	337.425619	340.707276	0	0
1163	58.100000	335.613176	340.978147	0	0
1164	58.150000	333.796281	341.217346	0	0
1165	58.200000	331.975489	341.424799	0	0
1166	58.250000	330.151353	341.600443	0	0
1167	58.300000	328.324430	341.744225	0	0
1168	58.350000	326.495275	341.856101	0	0
1169	58.400000	324.664447	341.936037	0	0
1170	58.450000	322.832503	341.984008	0	0
1171	58.500000	321.000000	342.000000	0	0
1172	58.550000	319.167497	341.984008	0	0
1173	58.600000	317.335553	341.936037	0	0
1174	58.650000	315.504725	341.856101	0	0
1175	58.700000	313.675570	341.744225	0	0
1176	58.750000	311.848647	341.600443	0	0
1177	58.800000	310.024511	341.424799	0	0
1178	58.850000	308.203719	341.217346	0	0
1179	58.900000	306.386824	340.978147	0	0
1180	58.950000	304.574381	340.707276	0	0
1181	59.000000	302.766941	340.404814	0	0
1182	59.050000	300.965055	340.070854	0	0
1183	59.100000	299.169272	339.705498	0	0
1184	59.150000	297.380139	339.308857	0	0
1185	59.200000	295.598201	338.881051	0	0
1186	59.250000	293.824000	338.422212	0	0
1187	59.300000	292.058078	337.932478	0	0
1188	59.350000	290.300971	337.411999	0	0
1189	59.400000	288.553216	336.860934	0	0
1190	59.450000	286.815344	336.279450	0	0
1191	59.500000	285.087885	335.667725	0	0
1192	59.550000	283.371365	335.025945	0	0
1193	59.600000	281.666308	334.354305	0	0
1194	59.650000	279.973232	333.653010	0	0
1195	59.700000	278.292652	332.922273	0	0
1196	59.750000	276.625083	332.162318	0	0
1197	59.800000	274.971030	331.373375	0	0
1198	59.850000	273.330998	330.555685	0	0
1199	59.900000	271.705486	329.709497	0	0
1200	59.950000	270.094990	328.835069	0	0
1201	60.000000	268.500000	327.932667	0	0
1202	60.050000	266.921002	327.002567	0	0
1203	60.100000	265.358477	326.045050	0	0
1204	60.150000	263.812901	325.060410	0	0
1205	60.200000	262.284745	324.048945	0	0
1206	60.250000	260.774474	323.010965	0	0
1207	60.300000	259.282549	321.946784	0	0
1208	60.350000	257.809423	320.856729	0	0
1209	60.400000	256.355545	319.741129	0	0
1210	60.450000	254.921359	318.600326	0	0
1211	60.500000	253.507301	317.434667	0	0
1212	60.550000	252.113802	316.244506	0	0
1213	60.600000	250.741286	315.030207	0	0
1214	60.650000	249.390172	313.792139	0	0
1215	60.700000	248.060871	312.530679	0	0
1216	60.750000	246.753788	311.246212	0	0
1217	60.800000	245.469321	309.939129	0	0
1218	60.850000	244.207861	308.609828	0	0
1219	60.900000	242.969793	307.258714	0	0
1220	60.950000	241.755494	305.886198	0	0
1221	61.000000	240.565333	304.492699	0	0
1222	61.050000	239.399674	303.078641	0	0
1223	61.100000	238.258871	301.644455	0	0
1224	61.150000	237.143271	300.190577	0	0
1225	61.200000	236.053216	298.717451	0	0
1226	61.250000	234.989035	297.225526	0	0
1227	61.300000	233.951055	295.715255	0	0
1228	61.350000	232.939590	294.187099	0	0
1229	61.400000	231.954950	292.641523	0	0
1230	61.450000	230.997433	291.078998	0	0
1231	61.500000	230.067333	289.500000	0	0
1232	61.550000	229.164931	287.905010	0	0
1233	61.600000	228.290503	286.294514	0	0
1234	61.650000	227.444315	284.669002	0	0
1235	61.700000	226.626625	283.028970	0	0
1236	61.750000	225.837682	281.374917	0	0
1237	61.800000	225.077727	279.707348	0	0
1238	61.850000	224.346990	278.026768	0	0
1239	61.900000	223.645695	276.333692	0	0
1240	61.950000	222.974055	274.628635	0	0
1241	62.000000	222.332275	272.912115	0	0
1242	62.050000	221.720550	271.184656	0	0
1243	62.100000	221.139066	269.446784	0	0
1244	62.150000	220.588001	267.699029	0	0
1245	62.200000	220.067522	265.941922	0	0
1246	62.250000	219.577788	264.176000	0	0
1247	62.300000	219.118949	262.401799	0	0
1248	62.350000	218.691143	260.619861	0	0
1249	62.400000	218.294502	258.830728	0	0
1250	62.450000	217.929146	257.034945	0	0
1251	62.500000	217.595186	255.233059	0	0
1252	62.550000	217.292724	253.425619	0	0
1253	62.600000	217.021853	251.613176	0	0
1254	62.650000	216.782654	249.796281	0	0
1255	62.700000	216.575201	247.975489	0	0
1256	62.750000	216.399557	246.151353	0	0
1257	62.800000	216.255775	244.324430	0	0
1258	62.850000	216.143899	242.495275	0	0
1259	62.900000	216.063963	240.664447	0	0
1260	62.950000	216.015992	238.832503	0	0
1261	63.000000	216.000000	237.000000	0	0
1262	63.050000	216.015992	235.167497	0	0
1263	63.100000	216.063963	233.335553	0	0
1264	63.150000	216.143899	231.504725	0	0
1265	63.200000	216.255775	229.675570	0	0
1266	63.250000	216.399557	227.848647	0	0
1267	63.300000	216.575201	226.024511	0	0
1268	63.350000	216.782654	224.203719	0	0
1269	63.400000	217.021853	222.386824	0	0
1270	63.450000	217.292724	220.574381	0	0
1271	63.500000	217.595186	218.766941	0	0
1272	63.550000	217.929146	216.965055	0	0
1273	63.600000	218.294502	215.169272	0	0
1274	63.650000	218.691143	213.380139	0	0
1275	63.700000	219.118949	211.598201	0	0
1276	63.750000	219.577788	209.824000	0	0
1277	63.800000	220.067522	208.058078	0	0
1278	63.850000	220.588001	206.300971	0	0
1279	63.900000	221.139066	204.553216	0	0
1280	63.950000	221.720550	202.815344	0	0
1281	64.000000	222.332275	201.087885	0	0
1282	64.050000	222.974055	199.371365	0	0
1283	64.100000	223.645695	197.666308	0	0
1284	64.150000	224.346990	195.973232	0	0
1285	64.200000	225.077727	194.292652	0	0
1286	64.250000	225.837682	192.625083	0	0
1287	64.300000	226.626625	190.971030	0	0
1288	64.350000	227.444315	189.330998	0	0
1289	64.400000	228.290503	187.705486	0	0
1290	64.450000	229.164931	186.094990	0	0
1291	64.500000	230.067333	184.500000	0	0
1292	64.550000	230.997433	182.921002	0	0
1293	64.600000	231.954950	181.358477	0	0
1294	64.650000	232.939590	179.812901	0	0
1295	64.700000	233.951055	178.284745	0	0
1296	64.750000	234.989035	176.774474	0	0
1297	64.800000	236.053216	175.282549	0	0
1298	64.850000	237.143271	173.809423	0	0
1299	64.900000	238.258871	172.355545	0	0
1300	64.950000	239.399674	170.921359	0	0
1301	65.000000	240.565333	169.507301	0	0
1302	65.050000	241.755494	168.113802	0	0
1303	65.100000	242.969793	166.741286	0	0
1304	65.150000	244.207861	165.390172	0	0
1305	65.200000	245.469321	164.060871	0	0
1306	65.250000	246.753788	162.753788	0	0
1307	65.300000	248.060871	161.469321	0	0
1308	65.350000	249.390172	160.207861	0	0
1309	65.400000	250.741286	158.969793	0	0
1310	65.450000	252.113802	157.755494	0	0
1311	65.500000	253.507301	156.565333	0	0
1312	65.550000	254.921359	155.399674	0	0
1313	65.600000	256.355545	154.258871	0	0
1314	65.650000	257.809423	153.143271	0	0
1315	65.700000	259.282549	152.053216	0	0
1316	65.750000	260.774474	150.989035	0	0
1317	65.800000	262.284745	149.951055	0	0
1318	65.850000	263.812901	148.939590	0	0
1319	65.900000	265.358477	147.954950	0	0
1320	65.950000	266.921002	146.997433	0	0
1321	66.000000	268.500000	146.067333	0	0
1322	66.050000	270.094990	145.164931	0	0
1323	66.100000	271.705486	144.290503	0	0
1324	66.150000	273.330998	143.444315	0	0
1325	66.200000	274.971030	142.626625	0	0
1326	66.250000	276.625083	141.837682	0	0
1327	66.300000	278.292652	141.077727	0	0
1328	66.350000	279.973232	140.346990	0	0
1329	66.400000	281.666308	139.645695	0	0
1330	66.450000	283.371365	138.974055	0	0
1331	66.500000	285.087885	138.332275	0	0
1332	66.550000	286.815344	137.720550	0	0
1333	66.600000	288.553216	137.139066	0	0
1334	66.650000	290.300971	136.588001	0	0
1335	66.700000	292.058078	136.067522	0	0
1336	66.750000	293.824000	135.577788	0	0
1337	66.800000	295.598201	135.118949	0	0
1338	66.850000	297.380139	134.691143	0	0
1339	66.900000	299.169272	134.294502	0	0
1340	66.950000	300.965055	133.929146	0	0
1341	67.000000	302.766941	133.595186	0	0
1342	67.050000	304.574381	133.292724	0	0
1343	67.100000	306.386824	133.021853	0	0
1344	67.150000	308.203719	132.782654	0	0
1345	67.200000	310.024511	132.575201	0	0
1346	67.250000	311.848647	132.399557	0	0
1347	67.300000	313.675570	132.255775	0	0
1348	67.350000	315.504725	132.143899	0	0
1349	67.400000	317.335553	132.063963	0	0
1350	67.450000	319.167497	132.015992	0	0
1351	67.500000	321.000000	132.000000	0	0
1352	67.550000	322.832503	132.015992	0	0
1353	67.600000	324.664447	132.063963	0	0
1354	67.650000	326.495275	132.143899	0	0
1355	67.700000	328.324430	132.255775	0	0
1356	67.750000	330.151353	132.399557	0	0
1357	67.800000	331.975489	132.575201	0	0
1358	67.850000	333.796281	132.782654	0	0
1359	67.900000	335.613176	133.021853	0	0
1360	67.950000	337.425619	133.292724	0	0
1361	68.000000	339.233059	133.595186	0	0
1362	68.050000	341.034945	133.929146	0	0
1363	68.100000	342.830728	134.294502	0	0
1364	68.150000	344.619861	134.691143	0	0
1365	68.200000	346.401799	135.118949	0	0
1366	68.250000	348.176000	135.577788	0	0
1367	68.300000	349.941922	136.067522	0	0
1368	68.350000	351.699029	136.588001	0	0
1369	68.400000	353.446784	137.139066	0	0
1370	68.450000	355.184656	137.720550	0	0
1371	68.500000	356.912115	138.332275	0	0
1372	68.550000	358.628635	138.974055	0	0
1373	68.600000	360.333692	139.645695	0	0
1374	68.650000	362.026768	140.346990	0	0
1375	68.700000	363.707348	141.077727	0	0
1376	68.750000	365.374917	141.837682	0	0
1377	68.800000	367.028970	142.626625	0	0
1378	68.850000	368.669002	143.444315	0	0
1379	68.900000	370.294514	144.290503	0	0
1380	68.950000	371.905010	145.164931	0	0
1381	69.000000	373.500000	146.067333	0	0
1382	69.050000	375.078998	146.997433	0	0
1383	69.100000	376.641523	147.954950	0	0
1384	69.150000	378.187099	148.939590	0	0
1385	69.200000	379.715255	149.951055	0	0
1386	69.250000	381.225526	150.989035	0	0
1387	69.300000	382.717451	152.053216	0	0
1388	69.350000	384.190577	153.143271	0	0
1389	69.400000	385.644455	154.258871	0	0
1390	69.450000	387.078641	155.399674	0	0
1391	69.500000	388.492699	156.565333	0	0
1392	69.550000	389.886198	157.755494	0	0
1393	69.600000	391.258714	158.969793	0	0
1394	69.650000	392.609828	160.207861	0	0
1395	69.700000	393.939129	161.469321	0	0
1396	69.750000	395.246212	162.753788	0	0
1397	69.800000	396.530679	164.060871	0	0
1398	69.850000	397.792139	165.390172	0	0
1399	69.900000	399.030207	166.741286	0	0
1400	69.950000	400.244506	168.113802	0	0
1401	70.000000	401.434667	169.507301	0	0
1402	70.050000	402.600326	170.921359	0	0
1403	70.100000	403.741129	172.355545	0	0
1404	70.150000	404.856729	173.809423	0	0
1405	70.200000	405.946784	175.282549	0	0
1406	70.250000	407.010965	176.774474	0	0
1407	70.300000	408.048945	178.284745	0	0
1408	70.350000	409.060410	179.812901	0	0
1409	70.400000	410.045050	181.358477	0	0
1410	70.450000	411.002567	182.921002	0	0
1411	70.500000	411.932667	184.500000	0	0
1412	70.550000	412.835069	186.094990	0	0
1413	70.600000	413.709497	187.705486	0	0
1414	70.650000	414.555685	189.330998	0	0
1415	70.700000	415.373375	190.971030	0	0
1416	70.750000	416.162318	192.625083	0	0
1417	70.800000	416.922273	194.292652	0	0
1418	70.850000	417.653010	195.973232	0	0
1419	70.900000	418.354305	197.666308	0	0
1420	70.950000	419.025945	199.371365	0	0
1421	71.000000	419.667725	201.087885	0	0
1422	71.050000	420.279450	202.815344	0	0
1423	71.100000	420.860934	204.553216	0	0
1424	71.150000	421.411999	206.300971	0	0
1425	71.200000	421.932478	208.058078	0	0
1426	71.250000	422.422212	209.824000	0	0
1427	71.300000	422.881051	211.598201	0	0
1428	71.350000	423.308857	213.380139	0	0
1429	71.400000	423.705498	215.169272	0	0
1430	71.450000	424.070854	216.965055	0	0
1431	71.500000	424.404814	218.766941	0	0
1432	71.550000	424.707276	220.574381	0	0
1433	71.600000	424.978147	222.386824	0	0
1434	71.650000	425.217346	224.203719	0	0
1435	71.700000	425.424799	226.024511	0	0
1436	71.750000	425.600443	227.848647	0	0
1437	71.800000	425.744225	229.675570	0	0
1438	71.850000	425.856101	231.504725	0	0
1439	71.900000	425.936037	233.335553	0	0
1440	71.950000	425.984008	235.167497	0	0
1441	72.000000	426.000000	237.000000	0	0
1442	72.050000	425.984008	238.832503	0	0
1443	72.100000	425.936037	240.664447	0	0
1444	72.150000	425.856101	242.495275	0	0
1445	72.200000	425.744225	244.324430	0	0
1446	72.250000	425.600443	246.151353	0	0
1447	72.300000	425.424799	247.975489	0	0
1448	72.350000	425.217346	249.796281	0	0
1449	72.400000	424.978147	251.613176	0	0
1450	72.450000	424.707276	253.425619	0	0
1451	72.500000	424.404814	255.233059	0	0
1452	72.550000	424.070854	257.034945	0	0
1453	72.600000	423.705498	258.830728	0	0
1454	72.650000	423.308857	260.619861	0	0
1455	72.700000	422.881051	262.401799	0	0
1456	72.750000	422.422212	264.176000	0	0
1457	72.800000	421.932478	265.941922	0	0
1458	72.850000	421.411999	267.699029	0	0
1459	72.900000	420.860934	269.446784	0	0
1460	72.950000	420.279450	271.184656	0	0
1461	73.000000	419.667725	272.912115	0	0
1462	73.050000	419.025945	274.628635	0	0
1463	73.100000	418.354305	276.333692	0	0
1464	73.150000	417.653010	278.026768	0	0
1465	73.200000	416.922273	279.707348	0	0
1466	73.250000	416.162318	281.374917	0	0
1467	73.300000	415.373375	283.028970	0	0
1468	73.350000	414.555685	284.669002	0	0
1469	73.400000	413.709497	286.294514	0	0
1470	73.450000	412.835069	287.905010	0	0
1471	73.500000	411.932667	289.500000	0	0
1472	73.550000	411.002567	291.078998	0	0
1473	73.600000	410.045050	292.641523	0	0
1474	73.650000	409.060410	294.187099	0	0
1475	73.700000	408.048945	295.715255	0	0
1476	73.750000	407.010965	297.225526	0	0
1477	73.800000	405.946784	298.717451	0	0
1478	73.850000	404.856729	300.190577	0	0
1479	73.900000	403.741129	301.644455	0	0
1480	73.950000	402.600326	303.078641	0	0
1481	74.000000	401.434667	304.492699	0	0
1482	74.050000	400.244506	305.886198	0	0
1483	74.100000	399.030207	307.258714	0	0
1484	74.150000	397.792139	308.609828	0	0
1485	74.200000	396.530679	309.939129	0	0
1486	74.250000	395.246212	311.246212	0	0
1487	74.300000	393.939129	312.530679	0	0
1488	74.350000	392.609828	313.792139	0	0
1489	74.400000	391.258714	315.030207	0	0
1490	74.450000	389.886198	316.244506	0	0
1491	74.500000	388.492699	317.434667	0	0
1492	74.550000	387.078641	318.600326	0	0
1493	74.600000	385.644455	319.741129	0	0
1494	74.650000	384.190577	320.856729	0	0
1495	74.700000	382.717451	321.946784	0	0
1496	74.750000	381.225526	323.010965	0	0
1497	74.800000	379.715255	324.048945	0	0
1498	74.850000	378.187099	325.060410	0	0
1499	74.900000	376.641523	326.045050	0	0
1500	74.950000	375.078998	327.002567	0	0
1501	75.000000	373.500000	327.932667	0	0
1502	75.050000	371.905010	328.835069	0	0
1503	75.100000	370.294514	329.709497	0	0
1504	75.150000	368.669002	330.555685	0	0
1505	75.200000	367.028970	331.373375	0	0
1506	75.250000	365.374917	332.162318	0	0
1507	75.300000	363.707348	332.922273	0	0
1508	75.350000	362.026768	333.653010	0	0
1509	75.400000	360.333692	334.354305	0	0
1510	75.450000	358.628635	335.025945	0	0
1511	75.500000	356.912115	335.667725	0	0
1512	75.550000	355.184656	336.279450	0	0
1513	75.600000	353.446784	336.860934	0	0
1514	75.650000	351.699029	337.411999	0	0
1515	75.700000	349.941922	337.932478	0	0
1516	75.750000	348.176000	338.422212	0	0
1517	75.800000	346.401799	338.881051	0	0
1518	75.850000	344.619861	339.308857	0	0
1519	75.900000	342.830728	339.705498	0	0
1520	75.950000	341.034945	340.070854	0	0
1521	76.000000	339.233059	340.404814	0	0
1522	76.050000	337.425619	340.707276	0	0
1523	76.100000	335.613176	340.978147	0	0
1524	76.150000	333.796281	341.217346	0	0
1525	76.200000	331.975489	341.424799	0	0
1526	76.250000	330.151353	341.600443	0	0
1527	76.300000	328.324430	341.744225	0	0
1528	76.350000	326.495275	341.856101	0	0
1529	76.400000	324.664447	341.936037	0	0
1530	76.450000	322.832503	341.984008	0	0
1531	76.500000	321.000000	342.000000	0	0
1532	76.550000	319.167497	341.984008	0	0
1533	76.600000	317.335553	341.936037	0	0
1534	76.650000	315.504725	341.856101	0	0
1535	76.700000	313.675570	341.744225	0	0
1536	76.750000	311.848647	341.600443	0	0
1537	76.800000	310.024511	341.424799	0	0
1538	76.850000	308.203719	341.217346	0	0
1539	76.900000	306.386824	340.978147	0	0
1540	76.950000	304.574381	340.707276	0	0
1541	77.000000	302.766941	340.404814	0	0
1542	77.050000	300.965055	340.070854	0	0
1543	77.100000	299.169272	339.705498	0	0
1544	77.150000	297.380139	339.308857	0	0
1545	77.200000	295.598201	338.881051	0	0
1546	77.250000	293.824000	338.422212	0	0
1547	77.300000	292.058078	337.932478	0	0
1548	77.350000	290.300971	337.411999	0	0
1549	77.400000	288.553216	336.860934	0	0
1550	77.450000	286.815344	336.279450	0	0
1551	77.500000	285.087885	335.667725	0	0
1552	77.550000	283.371365	335.025945	0	0
1553	77.600000	281.666308	334.354305	0	0
1554	77.650000	279.973232	333.653010	0	0
1555	77.700000	278.292652	332.922273	0	0
1556	77.750000	276.625083	332.162318	0	0
1557	77.800000	274.971030	331.373375	0	0
1558	77.850000	273.330998	330.555685	0	0
1559	77.900000	271.705486	329.709497	0	0
1560	77.950000	270.094990	328.835069	0	0
1561	78.000000	268.500000	327.932667	0	0
1562	78.050000	266.921002	327.002567	0	0
1563	78.100000	265.358477	326.045050	0	0
1564	78.150000	263.812901	325.060410	0	0
1565	78.200000	262.284745	324.048945	0	0
1566	78.250000	260.774474	323.010965	0	0
1567	78.300000	259.282549	321.946784	0	0
1568	78.350000	257.809423	320.856729	0	0
1569	78.400000	256.355545	319.741129	0	0
1570	78.450000	254.921359	318.600326	0	0
1571	78.500000	253.507301	317.434667	0	0
1572	78.550000	252.113802	316.244506	0	0
1573	78.600000	250.741286	315.030207	0	0
1574	78.650000	249.390172	313.792139	0	0
1575	78.700000	248.060871	312.530679	0	0
1576	78.750000	246.753788	311.246212	0	0
1577	78.800000	245.469321	309.939129	0	0
1578	78.850000	244.207861	308.609828	0	0
1579	78.900000	242.969793	307.258714	0	0
1580	78.950000	241.755494	305.886198	0	0
1581	79.000000	240.565333	304.492699	0	0
1582	79.050000	239.399674	303.078641	0	0
1583	79.100000	238.258871	301.644455	0	0
1584	79.150000	237.143271	300.190577	0	0
1585	79.200000	236.053216	298.717451	0	0
1586	79.250000	234.989035	297.225526	0	0
1587	79.300000	233.951055	295.715255	0	0
1588	79.350000	232.939590	294.187099	0	0
1589	79.400000	231.954950	292.641523	0	0
1590	79.450000	230.997433	291.078998	0	0
1591	79.500000	230.067333	289.500000	0	0
1592	79.550000	229.164931	287.905010	0	0
1593	79.600000	228.290503	286.294514	0	0
1594	79.650000	227.444315	284.669002	0	0
1595	79.700000	226.626625	283.028970	0	0
1596	79.750000	225.837682	281.374917	0	0
1597	79.800000	225.077727	279.707348	0	0
1598	79.850000	224.346990	278.026768	0	0
1599	79.900000	223.645695	276.333692	0	0
1600	79.950000	222.974055	274.628635	0	0
1601	80.000000	222.332275	272.912115	0	0
1602	80.050000	221.720550	271.184656	0	0
1603	80.100000	221.139066	269.446784	0	0
1604	80.150000	220.588001	267.699029	0	0
1605	80.200000	220.067522	265.941922	0	0
1606	80.250000	219.577788	264.176000	0	0
1607	80.300000	219.118949	262.401799	0	0
1608	80.350000	218.691143	260.619861	0	0
1609	80.400000	218.294502	258.830728	0	0
1610	80.450000	217.929146	257.034945	0	0
1611	80.500000	217.595186	255.233059	0	0
1612	80.550000	217.292724	253.425619	0	0
1613	80.600000	217.021853	251.613176	0	0
1614	80.650000	216.782654	249.796281	0	0
1615	80.700000	216.575201	247.975489	0	0
1616	80.750000	216.399557	246.151353	0	0
1617	80.800000	216.255775	244.324430	0	0
1618	80.850000	216.143899	242.495275	0	0
1619	80.900000	216.063963	240.664447	0	0
1620	80.950000	216.015992	238.832503	0	0
1621	81.000000	216.000000	237.000000	0	0
1622	81.050000	216.015992	235.167497	0	0
1623	81.100000	216.063963	233.335553	0	0
1624	81.150000	216.143899	231.504725	0	0
1625	81.200000	216.255775	229.675570	0	0
1626	81.250000	216.399557	227.848647	0	0
1627	81.300000	216.575201	226.024511	0	0
1628	81.350000	216.782654	224.203719	0	0
1629	81.400000	217.021853	222.386824	0	0
1630	81.450000	217.292724	220.574381	0	0
1631	81.500000	217.595186	218.766941	0	0
1632	81.550000	217.929146	216.965055	0	0
1633	81.600000	218.294502	215.169272	0	0
1634	81.650000	218.691143	213.380139	0	0
1635	81.700000	219.118949	211.598201	0	0
1636	81.750000	219.577788	209.824000	0	0
1637	81.800000	220.067522	208.058078	0	0
1638	81.850000	220.588001	206.300971	0	0
1639	81.900000	221.139066	204.553216	0	0
1640	81.950000	221.720550	202.815344	0	0
1641	82.000000	222.332275	201.087885	0	0
1642	82.050000	222.974055	199.371365	0	0
1643	82.100000	223.645695	197.666308	0	0
1644	82.150000	224.346990	195.973232	0	0
1645	82.200000	225.077727	194.292652	0	0
1646	82.250000	225.837682	192.625083	0	0
1647	82.300000	226.626625	190.971030	0	0
1648	82.350000	227.444315	189.330998	0	0
1649	82.400000	228.290503	187.705486	0	0
1650	82.450000	229.164931	186.094990	0	0
1651	82.500000	230.067333	184.500000	0	0
1652	82.550000	230.997433	182.921002	0	0
1653	82.600000	231.954950	181.358477	0	0
1654	82.650000	232.939590	179.812901	0	0
1655	82.700000	233.951055	178.284745	0	0
1656	82.750000	234.989035	176.774474	0	0
1657	82.800000	236.053216	175.282549	0	0
1658	82.850000	237.143271	173.809423	0	0
1659	82.900000	238.258871	172.355545	0	0
1660	82.950000	239.399674	170.921359	0	0
1661	83.000000	240.565333	169.507301	0	0
1662	83.050000	241.755494	168.113802	0	0
1663	83.100000	242.969793	166.741286	0	0
1664	83.150000	244.207861	165.390172	0	0
1665	83.200000	245.469321	164.060871	0	0
1666	83.250000	246.753788	162.753788	0	0
1667	83.300000	248.060871	161.469321	0	0
1668	83.350000	249.390172	160.207861	0	0
1669	83.400000	250.741286	158.969793	0	0
1670	83.450000	252.113802	157.755494	0	0
1671	83.500000	253.507301	156.565333	0	0
1672	83.550000	254.921359	155.399674	0	0
1673	83.600000	256.355545	154.258871	0	0
1674	83.650000	257.809423	153.143271	0	0
1675	83.700000	259.282549	152.053216	0	0
1676	83.750000	260.774474	150.989035	0	0
1677	83.800000	262.284745	149.951055	0	0
1678	83.850000	263.812901	148.939590	0	0
1679	83.900000	265.358477	147.954950	0	0
1680	83.950000	266.921002	146.997433	0	0
1681	84.000000	268.500000	146.067333	0	0
1682	84.050000	270.094990	145.164931	0	0
1683	84.100000	271.705486	144.290503	0	0
1684	84.150000	273.330998	143.444315	0	0
1685	84.200000	274.971030	142.626625	0	0
1686	84.250000	276.625083	141.837682	0	0
1687	84.300000	278.292652	141.077727	0	0
1688	84.350000	279.973232	140.346990	0	0
1689	84.400000	281.666308	139.645695	0	0
1690	84.450000	283.371365	138.974055	0	0
1691	84.500000	285.087885	138.332275	0	0
1692	84.550000	286.815344	137.720550	0	0
1693	84.600000	288.553216	137.139066	0	0
1694	84.650000	290.300971	136.588001	0	0
1695	84.700000	292.058078	136.067522	0	0
1696	84.750000	293.824000	135.577788	0	0
1697	84.800000	295.598201	135.118949	0	0
1698	84.850000	297.380139	134.691143	0	0
1699	84.900000	299.169272	134.294502	0	0
1700	84.950000	300.965055	133.929146	0	0
1701	85.000000	302.766941	133.595186	0	0
1702	85.050000	304.574381	133.292724	0	0
1703	85.100000	306.386824	133.021853	0	0
1704	85.150000	308.203719	132.782654	0	0
1705	85.200000	310.024511	132.575201	0	0
1706	85.250000	311.848647	132.399557	0	0
1707	85.300000	313.675570	132.255775	0	0
1708	85.350000	315.504725	132.143899	0	0
1709	85.400000	317.335553	132.063963	0	0
1710	85.450000	319.167497	132.015992	0	0
1711	85.500000	321.000000	132.000000	0	0
1712	85.550000	322.832503	132.015992	0	0
1713	85.600000	324.664447	132.063963	0	0
1714	85.650000	326.495275	132.143899	0	0
1715	85.700000	328.324430	132.255775	0	0
1716	85.750000	330.151353	132.399557	0	0
1717	85.800000	331.975489	132.575201	0	0
1718	85.850000	333.796281	132.782654	0	0
1719	85.900000	335.613176	133.021853	0	0
1720	85.950000	337.425619	133.292724	0	0
1721	86.000000	339.233059	133.595186	0	0
1722	86.050000	341.034945	133.929146	0	0
1723	86.100000	342.830728	134.294502	0	0
1724	86.150000	344.619861	134.691143	0	0
1725	86.200000	346.401799	135.118949	0	0
1726	86.250000	348.176000	135.577788	0	0
1727	86.300000	349.941922	136.067522	0	0
1728	86.350000	351.699029	136.588001	0	0
1729	86.400000	353.446784	137.139066	0	0
1730	86.450000	355.184656	137.720550	0	0
1731	86.500000	356.912115	138.332275	0	0
1732	86.550000	358.628635	138.974055	0	0
1733	86.600000	360.333692	139.645695	0	0
1734	86.650000	362.026768	140.346990	0	0
1735	86.700000	363.707348	141.077727	0	0
1736	86.750000	365.374917	141.837682	0	0
1737	86.800000	367.028970	142.626625	0	0
1738	86.850000	368.669002	143.444315	0	0
1739	86.900000	370.294514	144.290503	0	0
1740	86.950000	371.905010	145.164931	0	0
1741	87.000000	373.500000	146.067333	0	0
1742	87.050000	375.078998	146.997433	0	0
1743	87.100000	376.641523	147.954950	0	0
1744	87.150000	378.187099	148.939590	0	0
1745	87.200000	379.715255	149.951055	0	0
1746	87.250000	381.225526	150.989035	0	0
1747	87.300000	382.717451	152.053216	0	0
1748	87.350000	384.190577	153.143271	0	0
1749	87.400000	385.644455	154.258871	0	0
1750	87.450000	387.078641	155.399674	0	0
1751	87.500000	388.492699	156.565333	0	0
1752	87.550000	389.886198	157.755494	0	0
1753	87.600000	391.258714	158.969793	0	0
1754	87.650000	392.609828	160.207861	0	0
1755	87.700000	393.939129	161.469321	0	0
1756	87.750000	395.246212	162.753788	0	0
1757	87.800000	396.530679	164.060871	0	0
1758	87.850000	397.792139	165.390172	0	0
1759	87.900000	399.030207	166.741286	0	0
1760	87.950000	400.244506	168.113802	0	0
1761	88.000000	401.434667	169.507301	0	0
1762	88.050000	402.600326	170.921359	0	0
1763	88.100000	403.741129	172.355545	0	0
1764	88.150000	404.856729	173.809423	0	0
1765	88.200000	405.946784	175.282549	0	0
1766	88.250000	407.010965	176.774474	0	0
1767	88.300000	408.048945	178.284745	0	0
1768	88.350000	409.060410	179.812901	0	0
1769	88.400000	410.045050	181.358477	0	0
1770	88.450000	411.002567	182.921002	0	0
1771	88.500000	411.932667	184.500000	0	0
1772	88.550000	412.835069	186.094990	0	0
1773	88.600000	413.709497	187.705486	0	0
1774	88.650000	414.555685	189.330998	0	0
1775	88.700000	415.373375	190.971030	0	0
1776	88.750000	416.162318	192.625083	0	0
1777	88.800000	416.922273	194.292652	0	0
1778	88.850000	417.653010	195.973232	0	0
1779	88.900000	418.354305	197.666308	0	0
1780	88.950000	419.025945	199.371365	0	0
1781	89.000000	419.667725	201.087885	0	0
1782	89.050000	420.279450	202.815344	0	0
1783	89.100000	420.860934	204.553216	0	0
1784	89.150000	421.411999	206.300971	0	0
1785	89.200000	421.932478	208.058078	0	0
1786	89.250000	422.422212	209.824000	0	0
1787	89.300000	422.881051	211.598201	0	0
1788	89.350000	423.308857	213.380139	0	0
1789	89.400000	423.705498	215.169272	0	0
1790	89.450000	424.070854	216.965055	0	0
1791	89.500000	424.404814	218.766941	0	0
1792	89.550000	424.707276	220.574381	0	0
1793	89.600000	424.978147	222.386824	0	0
1794	89.650000	425.217346	224.203719	0	0
1795	89.700000	425.424799	226.024511	0	0
1796	89.750000	425.600443	227.848647	0	0
1797	89.800000	425.744225	229.675570	0	0
1798	89.850000	425.856101	231.504725	0	0
1799	89.900000	425.936037	233.335553	0	0
1800	89.950000	425.984008	235.167497	0	0
