2	0.000000	321	239	0	2
3	0.050000	361	238	0	2
4	0.100000	401	246	0	2
5	0.150000	411	245	0	2
6	0.200000	371	233	0	2
7	0.250000	331	242	0	2
8	0.300000	291	229	0	2
9	0.350000	251	229	0	2
10	0.400000	221	231	0	2
11	0.450000	261	226	0	2
12	0.500000	301	248	0	2
13	0.550000	341	250	0	2
14	0.600000	381	251	0	2
15	0.650000	421	265	0	2
16	0.700000	391	231	0	2
17	0.750000	351	237	0	2
18	0.800000	311	230	0	2
19	0.850000	271	245	0	2
20	0.900000	231	250	0	2
21	0.950000	241	240	0	2
22	1.000000	281	244	0		2
23	1.050000	321	240	0	2
24	1.100000	361	235	0	2
25	1.150000	401	228	0	2
26	1.200000	411	243	0	2
27	1.250000	371	237	0	2
28	1.300000	331	230	0	2
29	1.350000	291	232	0	2
30	1.400000	251	234	0	2
31	1.450000	221	241	0	2
32	1.500000	261	239	0	2
33	1.550000	301	232	0	2
34	1.600000	341	225	0	2
35	1.650000	381	237	0	2
36	1.700000	421	239	0	2
37	1.750000	391	219	0	2
38	1.800000	351	234	0	2
39	1.850000	311	244	0	2
40	1.900000	271	250	0	2
41	1.950000	231	233	0	2
42	2.000000	241	220	0	2
43	2.050000	281	232	0	2
44	2.100000	321	228	0	2
45	2.150000	361	245	0	2
46	2.200000	401	246	0	2
47	2.250000	411	239	0	2
48	2.300000	371	228	0	2
49	2.350000	331	243	0	2
50	2.400000	291	243	0	2
51	2.450000	251	241	0	2
52	2.500000	221	231	0	2
53	2.550000	261	235	0	2
54	2.600000	301	239	0	2
55	2.650000	341	230	0	2
56	2.700000	381	229	0	2
57	2.750000	421	223	0	2
58	2.800000	391	228	0	2
59	2.850000	351	229	0	2
60	2.900000	311	233	0	2
61	2.950000	271	231	0	2
62	3.000000	231	229	0	2
63	3.050000	241	243	0	2
64	3.100000	281	260	0	2
65	3.150000	321	225	0	2
66	3.200000	361	231	0	2
67	3.250000	401	240	0	2
68	3.300000	411	243	0	2
69	3.350000	371	229	0	2
70	3.400000	331	242	0	2
71	3.450000	291	227	0	2
72	3.500000	251	257	0	2
73	3.550000	221	228	0	2
74	3.600000	261	255	0	2
75	3.650000	301	261	0	2
76	3.700000	341	236	0	2
77	3.750000	381	251	0	2
78	3.800000	421	230	0	2
79	3.850000	391	228	0	2
80	3.900000	351	230	0	2
81	3.950000	311	234	0	2
82	4.000000	271	232	0	2
83	4.050000	231	230	0	2
84	4.100000	241	224	0	2
85	4.150000	281	242	0	2
86	4.200000	321	241	0	2
87	4.250000	361	232	0	2
88	4.300000	401	236	0	2
89	4.350000	411	237	0	2
90	4.400000	371	256	0	2
91	4.450000	331	243	0	2
92	4.500000	291	232	0	2
93	4.550000	251	236	0	2
94	4.600000	221	234	0	2
95	4.650000	261	243	0	2
96	4.700000	301	224	0	2
97	4.750000	341	225	0	2
98	4.800000	381	233	0	2
99	4.850000	421	251	0	2
100	4.900000	391	235	0	2
101	4.950000	351	240	0	2
102	5.000000	311	232	0	2
103	5.050000	271	236	0	2
104	5.100000	231	228	0	2
105	5.150000	241	248	0	2
106	5.200000	281	236	0	2
107	5.250000	321	227	0	2
108	5.300000	361	230	0	2
109	5.350000	401	251	0	2
110	5.400000	411	233	0	2
111	5.450000	371	223	0	2
112	5.500000	331	238	0	2
113	5.550000	291	256	0	2
114	5.600000	251	241	0	2
115	5.650000	221	253	0	2
116	5.700000	261	240	0	2
117	5.750000	301	232	0	2
118	5.800000	341	243	0	2
119	5.850000	381	226	0	2
120	5.900000	421	229	0	2
121	5.950000	391	234	0	2
122	6.000000	351	231	0	2
123	6.050000	311	219	0	2
124	6.100000	271	236	0	2
125	6.150000	231	239	0	2
126	6.200000	241	243	0	2
127	6.250000	281	229	0	2
128	6.300000	321	228	0	2
129	6.350000	361	232	0	2
130	6.400000	401	242	0	2
131	6.450000	411	238	0	2
132	6.500000	371	226	0	2
133	6.550000	331	228	0	2
134	6.600000	291	227	0	2
135	6.650000	251	252	0	2
136	6.700000	221	232	0	2
137	6.750000	261	225	0	2
138	6.800000	301	242	0	2
139	6.850000	341	234	0	2
140	6.900000	381	232	0	2
141	6.950000	421	236	0	2
142	7.000000	391	239	0	2
143	7.050000	351	230	0	2
144	7.100000	311	240	0	2
145	7.150000	271	238	0	2
146	7.200000	231	241	0	2
147	7.250000	241	250	0	2
148	7.300000	281	246	0	2
149	7.350000	321	232	0	2
150	7.400000	361	235	0	2
151	7.450000	401	235	0	2
152	7.500000	411	235	0	2
153	7.550000	371	255	0	2
154	7.600000	331	239	0	2
155	7.650000	291	245	0	2
156	7.700000	251	233	0	2
157	7.750000	221	248	0	2
158	7.800000	261	231	0	2
159	7.850000	301	226	0	2
160	7.900000	341	226	0	2
161	7.950000	381	248	0	2
162	8.000000	421	238	0	2
163	8.050000	391	233	0	2
164	8.100000	351	233	0	2
165	8.150000	311	233	0	2
166	8.200000	271	245	0	2
167	8.250000	231	240	0	2
168	8.300000	241	234	0	2
169	8.350000	281	233	0	2
170	8.400000	321	237	0	2
171	8.450000	361	241	0	2
172	8.500000	401	238	0	2
173	8.550000	411	220	0	2
174	8.600000	371	214	0	2
175	8.650000	331	245	0	2
176	8.700000	291	227	0	2
177	8.750000	251	235	0	2
178	8.800000	221	251	0	2
179	8.850000	261	235	0	2
180	8.900000	301	212	0	2
181	8.950000	341	243	0	2
182	9.000000	381	208	0	2
183	9.050000	421	224	0	2
184	9.100000	391	242	0	2
185	9.150000	351	238	0	2
186	9.200000	311	228	0	2
187	9.250000	271	247	0	2
188	9.300000	231	243	0	2
189	9.350000	241	239	0	2
190	9.400000	281	223	0	2
191	9.450000	321	244	0	2
192	9.500000	361	227	0	2
193	9.550000	401	224	0	2
194	9.600000	411	229	0	2
195	9.650000	371	242	0	2
196	9.700000	331	227	0	2
197	9.750000	291	246	0	2
198	9.800000	251	241	0	2
199	9.850000	221	226	0	2
200	9.900000	261	232	0	2
201	9.950000	301	242	0	2
202	10.000000	341	255	0	2
203	10.050000	381	237	0	2
204	10.100000	421	220	0	2
205	10.150000	391	229	0	2
206	10.200000	351	232	0	2
207	10.250000	311	256	0	2
208	10.300000	271	238	0	2
209	10.350000	231	232	0	2
210	10.400000	241	252	0	2
211	10.450000	281	242	0	2
212	10.500000	321	231	0	2
213	10.550000	361	228	0	2
214	10.600000	401	223	0	2
215	10.650000	411	237	0	2
216	10.700000	371	214	0	2
217	10.750000	331	232	0	2
218	10.800000	291	238	0	2
219	10.850000	251	221	0	2
220	10.900000	221	219	0	2
221	10.950000	261	249	0	2
222	11.000000	301	228	0	2
223	11.050000	341	211	0	2
224	11.100000	381	239	0	2
225	11.150000	421	230	0	2
226	11.200000	391	229	0	2
227	11.250000	351	218	0	2
228	11.300000	311	228	0	2
229	11.350000	271	241	0	2
230	11.400000	231	264	0	2
231	11.450000	241	235	0	2
232	11.500000	281	234	0	2
233	11.550000	321	233	0	2
234	11.600000	361	236	0	2
235	11.650000	401	240	0	2
236	11.700000	411	230	0	2
237	11.750000	371	237	0	2
238	11.800000	331	244	0	2
239	11.850000	291	233	0	2
240	11.900000	251	229	0	2
241	11.950000	221	228	0	2
242	12.000000	261	241	0	2
243	12.050000	301	240	0	2
244	12.100000	341	225	0	2
245	12.150000	381	251	0	2
246	12.200000	421	253	0	2
247	12.250000	391	223	0	2
248	12.300000	351	238	0	2
249	12.350000	311	227	0	2
250	12.400000	271	227	0	2
251	12.450000	231	244	0	2
252	12.500000	241	255	0	2
253	12.550000	281	222	0	2
254	12.600000	321	215	0	2
255	12.650000	361	229	0	2
256	12.700000	401	225	0	2
257	12.750000	411	226	0	2
258	12.800000	371	256	0	2
259	12.850000	331	226	0	2
260	12.900000	291	237	0	2
261	12.950000	251	225	0	2
262	13.000000	221	236	0	2
263	13.050000	261	228	0	2
264	13.100000	301	250	0	2
265	13.150000	341	248	0	2
266	13.200000	381	228	0	2
267	13.250000	421	233	0	2
268	13.300000	391	248	0	2
269	13.350000	351	237	0	2
270	13.400000	311	234	0	2
271	13.450000	271	238	0	2
272	13.500000	231	229	0	2
273	13.550000	241	237	0	2
274	13.600000	281	226	0	2
275	13.650000	321	225	0	2
276	13.700000	361	239	0	2
277	13.750000	401	237	0	2
278	13.800000	411	240	0	2
279	13.850000	371	245	0	2
280	13.900000	331	242	0	2
281	13.950000	291	254	0	2
282	14.000000	251	250	0	2
283	14.050000	221	227	0	2
284	14.100000	261	235	0	2
285	14.150000	301	255	0	2
286	14.200000	341	236	0	2
287	14.250000	381	248	0	2
288	14.300000	421	232	0	2
289	14.350000	391	233	0	2
290	14.400000	351	234	0	2
291	14.450000	311	234	0	2
292	14.500000	271	223	0	2
293	14.550000	231	235	0	2
294	14.600000	241	234	0	2
295	14.650000	281	228	0	2
296	14.700000	321	253	0	2
297	14.750000	361	236	0	2
298	14.800000	401	252	0	2
299	14.850000	411	234	0	2
300	14.900000	371	237	0	2
301	14.950000	331	242	0	2
302	15.000000	291	237	0	2
303	15.050000	251	228	0	2
304	15.100000	221	245	0	2
305	15.150000	261	243	0	2
306	15.200000	301	219	0	2
307	15.250000	341	240	0	2
308	15.300000	381	237	0	2
309	15.350000	421	234	0	2
310	15.400000	391	230	0	2
311	15.450000	351	234	0	2
312	15.500000	311	233	0	2
313	15.550000	271	239	0	2
314	15.600000	231	238	0	2
315	15.650000	241	245	0	2
316	15.700000	281	238	0	2
317	15.750000	321	232	0	2
318	15.800000	361	256	0	2
319	15.850000	401	239	0	2
320	15.900000	411	241	0	2
321	15.950000	371	228	0	2
322	16.000000	331	226	0	2
323	16.050000	291	244	0	2
324	16.100000	251	246	0	2
325	16.150000	221	234	0	2
326	16.200000	261	232	0	2
327	16.250000	301	230	0	2
328	16.300000	341	234	0	2
329	16.350000	381	243	0	2
330	16.400000	421	238	0	2
331	16.450000	391	233	0	2
332	16.500000	351	249	0	2
333	16.550000	311	231	0	2
334	16.600000	271	235	0	2
335	16.650000	231	242	0	2
336	16.700000	241	225	0	2
337	16.750000	281	247	0	2
338	16.800000	321	233	0	2
339	16.850000	361	230	0	2
340	16.900000	401	238	0	2
341	16.950000	411	236	0	2
342	17.000000	371	249	0	2
343	17.050000	331	232	0	2
344	17.100000	291	225	0	2
345	17.150000	251	233	0	2
346	17.200000	221	231	0	2
347	17.250000	261	225	0	2
348	17.300000	301	249	0	2
349	17.350000	341	239	0	2
350	17.400000	381	258	0	2
351	17.450000	421	222	0	2
352	17.500000	391	244	0	2
353	17.550000	351	244	0	2
354	17.600000	311	235	0	2
355	17.650000	271	241	0	2
356	17.700000	231	246	0	2
357	17.750000	241	229	0	2
358	17.800000	281	234	0	2
359	17.850000	321	237	0	2
360	17.900000	361	250	0	2
361	17.950000	401	253	0	2
362	18.000000	411	238	0	2
363	18.050000	371	250	0	2
364	18.100000	331	231	0	2
365	18.150000	291	229	0	2
366	18.200000	251	241	0	2
367	18.250000	221	246	0	2
368	18.300000	261	230	0	2
369	18.350000	301	231	0	2
370	18.400000	341	238	0	2
371	18.450000	381	238	0	2
372	18.500000	421	233	0	2
373	18.550000	391	241	0	2
374	18.600000	351	231	0	2
375	18.650000	311	235	0	2
376	18.700000	271	243	0	2
377	18.750000	231	235	0	2
378	18.800000	241	240	0	2
379	18.850000	281	230	0	2
380	18.900000	321	251	0	2
381	18.950000	361	245	0	2
382	19.000000	401	245	0	2
383	19.050000	411	242	0	2
384	19.100000	371	207	0	2
385	19.150000	331	257	0	2
386	19.200000	291	241	0	2
387	19.250000	251	247	0	2
388	19.300000	221	227	0	2
389	19.350000	261	232	0	2
390	19.400000	301	237	0	2
391	19.450000	341	235	0	2
392	19.500000	381	231	0	2
393	19.550000	421	240	0	2
394	19.600000	391	233	0	2
395	19.650000	351	251	0	2
396	19.700000	311	244	0	2
397	19.750000	271	241	0	2
398	19.800000	231	251	0	2
399	19.850000	241	219	0	2
400	19.900000	281	251	0	2
401	19.950000	321	230	0	2
402	20.000000	361	236	0	2
403	20.050000	401	259	0	2
404	20.100000	411	238	0	2
405	20.150000	371	241	0	2
406	20.200000	331	240	0	2
407	20.250000	291	224	0	2
408	20.300000	251	226	0	2
409	20.350000	221	240	0	2
410	20.400000	261	243	0	2
411	20.450000	301	231	0	2
412	20.500000	341	244	0	2
413	20.550000	381	239	0	2
414	20.600000	421	245	0	2
415	20.650000	391	239	0	2
416	20.700000	351	214	0	2
417	20.750000	311	248	0	2
418	20.800000	271	259	0	2
419	20.850000	231	236	0	2
420	20.900000	241	256	0	2
421	20.950000	281	257	0	2
422	21.000000	321	236	0	2
423	21.050000	361	222	0	2
424	21.100000	401	246	0	2
425	21.150000	411	244	0	2
426	21.200000	371	241	0	2
427	21.250000	331	230	0	2
428	21.300000	291	232	0	2
429	21.350000	251	224	0	2
430	21.400000	221	221	0	2
431	21.450000	261	230	0	2
432	21.500000	301	221	0	2
433	21.550000	341	225	0	2
434	21.600000	381	244	0	2
435	21.650000	421	244	0	2
436	21.700000	391	242	0	2
437	21.750000	351	246	0	2
438	21.800000	311	229	0	2
439	21.850000	271	234	0	2
440	21.900000	231	229	0	2
441	21.950000	241	241	0	2
442	22.000000	281	242	0	2
443	22.050000	321	240	0	2
444	22.100000	361	249	0	2
445	22.150000	401	244	0	2
446	22.200000	411	225	0	2
447	22.250000	371	258	0	2
448	22.300000	331	243	0	2
449	22.350000	291	228	0	2
450	22.400000	251	243	0	2
451	22.450000	221	233	0	2
452	22.500000	261	218	0	2
453	22.550000	301	231	0	2
454	22.600000	341	209	0	2
455	22.650000	381	242	0	2
456	22.700000	421	228	0	2
457	22.750000	391	245	0	2
458	22.800000	351	227	0	2
459	22.850000	311	245	0	2
460	22.900000	271	230	0	2
461	22.950000	231	232	0	2
462	23.000000	241	238	0	2
463	23.050000	281	243	0	2
464	23.100000	321	239	0	2
465	23.150000	361	221	0	2
466	23.200000	401	229	0	2
467	23.250000	411	225	0	2
468	23.300000	371	242	0	2
469	23.350000	331	231	0	2
470	23.400000	291	229	0	2
471	23.450000	251	238	0	2
472	23.500000	221	242	0	2
473	23.550000	261	233	0	2
474	23.600000	301	245	0	2
475	23.650000	341	236	0	2
476	23.700000	381	229	0	2
477	23.750000	421	219	0	2
478	23.800000	391	243	0	2
479	23.850000	351	211	0	2
480	23.900000	311	234	0	2
481	23.950000	271	235	0	2
482	24.000000	231	246	0	2
483	24.050000	241	238	0	2
484	24.100000	281	231	0	2
485	24.150000	321	236	0	2
486	24.200000	361	246	0	2
487	24.250000	401	213	0	2
488	24.300000	411	229	0	2
489	24.350000	371	221	0	2
490	24.400000	331	239	0	2
491	24.450000	291	251	0	2
492	24.500000	251	242	0	2
493	24.550000	221	256	0	2
494	24.600000	261	235	0	2
495	24.650000	301	252	0	2
496	24.700000	341	245	0	2
497	24.750000	381	241	0	2
498	24.800000	421	227	0	2
499	24.850000	391	228	0	2
500	24.900000	351	225	0	2
501	24.950000	311	230	0	2
502	25.000000	271	227	0	2
503	25.050000	231	223	0	2
504	25.100000	241	234	0	2
505	25.150000	281	229	0	2
506	25.200000	321	247	0	2
507	25.250000	361	234	0	2
508	25.300000	401	236	0	2
509	25.350000	411	240	0	2
510	25.400000	371	245	0	2
511	25.450000	331	243	0	2
512	25.500000	291	236	0	2
513	25.550000	251	229	0	2
514	25.600000	221	235	0	2
515	25.650000	261	252	0	2
516	25.700000	301	225	0	2
517	25.750000	341	257	0	2
518	25.800000	381	235	0	2
519	25.850000	421	220	0	2
520	25.900000	391	243	0	2
521	25.950000	351	255	0	2
522	26.000000	311	241	0	2
523	26.050000	271	253	0	2
524	26.100000	231	229	0	2
525	26.150000	241	224	0	2
526	26.200000	281	240	0	2
527	26.250000	321	245	0	2
528	26.300000	361	218	0	2
529	26.350000	401	231	0	2
530	26.400000	411	222	0	2
531	26.450000	371	248	0	2
532	26.500000	331	232	0	2
533	26.550000	291	250	0	2
534	26.600000	251	219	0	2
535	26.650000	221	234	0	2
536	26.700000	261	251	0	2
537	26.750000	301	236	0	2
538	26.800000	341	234	0	2
539	26.850000	381	250	0	2
540	26.900000	421	226	0	2
541	26.950000	391	244	0	2
542	27.000000	351	230	0	2
543	27.050000	311	234	0	2
544	27.100000	271	238	0	2
545	27.150000	231	228	0	2
546	27.200000	241	252	0	2
547	27.250000	281	235	0	2
548	27.300000	321	246	0	2
549	27.350000	361	243	0	2
550	27.400000	401	232	0	2
551	27.450000	411	242	0	2
552	27.500000	371	253	0	2
553	27.550000	331	231	0	2
554	27.600000	291	228	0	2
555	27.650000	251	233	0	2
556	27.700000	221	240	0	2
557	27.750000	261	245	0	2
558	27.800000	301	228	0	2
559	27.850000	341	237	0	2
560	27.900000	381	225	0	2
561	27.950000	421	248	0	2
562	28.000000	391	243	0	2
563	28.050000	351	225	0	2
564	28.100000	311	226	0	2
565	28.150000	271	236	0	2
566	28.200000	231	250	0	2
567	28.250000	241	234	0	2
568	28.300000	281	234	0	2
569	28.350000	321	228	0	2
570	28.400000	361	252	0	2
571	28.450000	401	242	0	2
572	28.500000	411	244	0	2
573	28.550000	371	224	0	2
574	28.600000	331	244	0	2
575	28.650000	291	235	0	2
576	28.700000	251	254	0	2
577	28.750000	221	245	0	2
578	28.800000	261	222	0	2
579	28.850000	301	231	0	2
580	28.900000	341	218	0	2
581	28.950000	381	236	0	2
582	29.000000	421	252	0	2
583	29.050000	391	236	0	2
584	29.100000	351	234	0	2
585	29.150000	311	237	0	2
586	29.200000	271	235	0	2
587	29.250000	231	221	0	2
588	29.300000	241	228	0	2
589	29.350000	281	246	0	2
590	29.400000	321	225	0	2
591	29.450000	361	225	0	2
592	29.500000	401	228	0	2
593	29.550000	411	242	0	2
594	29.600000	371	243	0	2
595	29.650000	331	235	0	2
596	29.700000	291	262	0	2
597	29.750000	251	252	0	2
598	29.800000	221	232	0	2
599	29.850000	261	252	0	2
600	29.900000	301	235	0	2
601	29.950000	341	250	0	2
602	30.000000	381	237	0	2
603	30.050000	421	244	0	2
604	30.100000	391	226	0	2
605	30.150000	351	226	0	2
606	30.200000	311	244	0	2
607	30.250000	271	233	0	2
608	30.300000	231	236	0	2
609	30.350000	241	246	0	2
610	30.400000	281	229	0	2
611	30.450000	321	229	0	2
612	30.500000	361	231	0	2
613	30.550000	401	240	0	2
614	30.600000	411	240	0	2
615	30.650000	371	238	0	2
616	30.700000	331	234	0	2
617	30.750000	291	242	0	2
618	30.800000	251	237	0	2
619	30.850000	221	258	0	2
620	30.900000	261	231	0	2
621	30.950000	301	252	0	2
622	31.000000	341	221	0	2
623	31.050000	381	214	0	2
624	31.100000	421	227	0	2
625	31.150000	391	222	0	2
626	31.200000	351	239	0	2
627	31.250000	311	235	0	2
628	31.300000	271	227	0	2
629	31.350000	231	231	0	2
630	31.400000	241	253	0	2
631	31.450000	281	243	0	2
632	31.500000	321	237	0	2
633	31.550000	361	223	0	2
634	31.600000	401	226	0	2
635	31.650000	411	222	0	2
636	31.700000	371	241	0	2
637	31.750000	331	229	0	2
638	31.800000	291	252	0	2
639	31.850000	251	243	0	2
640	31.900000	221	240	0	2
641	31.950000	261	243	0	2
642	32.000000	301	260	0	2
643	32.050000	341	257	0	2
644	32.100000	381	227	0	2
645	32.150000	421	237	0	2
646	32.200000	391	252	0	2
647	32.250000	351	243	0	2
648	32.300000	311	240	0	2
649	32.350000	271	231	0	2
650	32.400000	231	242	0	2
651	32.450000	241	220	0	2
652	32.500000	281	222	0	2
653	32.550000	321	237	0	2
654	32.600000	361	245	0	2
655	32.650000	401	237	0	2
656	32.700000	411	224	0	2
657	32.750000	371	244	0	2
658	32.800000	331	240	0	2
659	32.850000	291	244	0	2
660	32.900000	251	230	0	2
661	32.950000	221	236	0	2
662	33.000000	261	233	0	2
663	33.050000	301	243	0	2
664	33.100000	341	238	0	2
665	33.150000	381	238	0	2
666	33.200000	421	231	0	2
667	33.250000	391	234	0	2
668	33.300000	351	231	0	2
669	33.350000	311	242	0	2
670	33.400000	271	255	0	2
671	33.450000	231	227	0	2
672	33.500000	241	212	0	2
673	33.550000	281	220	0	2
674	33.600000	321	234	0	2
675	33.650000	361	233	0	2
676	33.700000	401	241	0	2
677	33.750000	411	225	0	2
678	33.800000	371	242	0	2
679	33.850000	331	216	0	2
680	33.900000	291	233	0	2
681	33.950000	251	237	0	2
682	34.000000	221	245	0	2
683	34.050000	261	236	0	2
684	34.100000	301	227	0	2
685	34.150000	341	231	0	2
686	34.200000	381	249	0	2
687	34.250000	421	220	0	2
688	34.300000	391	228	0	2
689	34.350000	351	243	0	2
690	34.400000	311	231	0	2
691	34.450000	271	245	0	2
692	34.500000	231	240	0	2
693	34.550000	241	257	0	2
694	34.600000	281	231	0	2
695	34.650000	321	236	0	2
696	34.700000	361	220	0	2
697	34.750000	401	251	0	2
698	34.800000	411	234	0	2
699	34.850000	371	224	0	2
700	34.900000	331	224	0	2
701	34.950000	291	224	0	2
702	35.000000	251	241	0	2
703	35.050000	221	249	0	2
704	35.100000	261	242	0	2
705	35.150000	301	244	0	2
706	35.200000	341	235	0	2
707	35.250000	381	234	0	2
708	35.300000	421	224	0	2
709	35.350000	391	234	0	2
710	35.400000	351	232	0	2
711	35.450000	311	227	0	2
712	35.500000	271	250	0	2
713	35.550000	231	258	0	2
714	35.600000	241	224	0	2
715	35.650000	281	242	0	2
716	35.700000	321	221	0	2
717	35.750000	361	236	0	2
718	35.800000	401	244	0	2
719	35.850000	411	222	0	2
720	35.900000	371	245	0	2
721	35.950000	331	259	0	2
722	36.000000	291	227	0	2
723	36.050000	251	248	0	2
724	36.100000	221	225	0	2
725	36.150000	261	243	0	2
726	36.200000	301	244	0	2
727	36.250000	341	244	0	2
728	36.300000	381	247	0	2
729	36.350000	421	235	0	2
730	36.400000	391	237	0	2
731	36.450000	351	224	0	2
732	36.500000	311	237	0	2
733	36.550000	271	231	0	2
734	36.600000	231	233	0	2
735	36.650000	241	236	0	2
736	36.700000	281	253	0	2
737	36.750000	321	244	0	2
738	36.800000	361	244	0	2
739	36.850000	401	232	0	2
740	36.900000	411	245	0	2
741	36.950000	371	245	0	2
742	37.000000	331	239	0	2
743	37.050000	291	245	0	2
744	37.100000	251	241	0	2
745	37.150000	221	245	0	2
746	37.200000	261	228	0	2
747	37.250000	301	233	0	2
748	37.300000	341	242	0	2
749	37.350000	381	229	0	2
750	37.400000	421	239	0	2
751	37.450000	391	223	0	2
752	37.500000	351	237	0	2
753	37.550000	311	240	0	2
754	37.600000	271	243	0	2
755	37.650000	231	244	0	2
756	37.700000	241	230	0	2
757	37.750000	281	229	0	2
758	37.800000	321	244	0	2
759	37.850000	361	239	0	2
760	37.900000	401	246	0	2
761	37.950000	411	233	0	2
762	38.000000	371	242	0	2
763	38.050000	331	238	0	2
764	38.100000	291	219	0	2
765	38.150000	251	241	0	2
766	38.200000	221	252	0	2
767	38.250000	261	228	0	2
768	38.300000	301	226	0	2
769	38.350000	341	243	0	2
770	38.400000	381	224	0	2
771	38.450000	421	234	0	2
772	38.500000	391	216	0	2
773	38.550000	351	236	0	2
774	38.600000	311	238	0	2
775	38.650000	271	236	0	2
776	38.700000	231	235	0	2
777	38.750000	241	225	0	2
778	38.800000	281	235	0	2
779	38.850000	321	247	0	2
780	38.900000	361	228	0	2
781	38.950000	401	242	0	2
782	39.000000	411	250	0	2
783	39.050000	371	242	0	2
784	39.100000	331	222	0	2
785	39.150000	291	223	0	2
786	39.200000	251	224	0	2
787	39.250000	221	226	0	2
788	39.300000	261	248	0	2
789	39.350000	301	238	0	2
790	39.400000	341	228	0	2
791	39.450000	381	242	0	2
792	39.500000	421	230	0	2
793	39.550000	391	245	0	2
794	39.600000	351	210	0	2
795	39.650000	311	241	0	2
796	39.700000	271	244	0	2
797	39.750000	231	243	0	2
798	39.800000	241	263	0	2
799	39.850000	281	239	0	2
800	39.900000	321	239	0	2
801	39.950000	361	229	0	2
802	40.000000	401	234	0	2
803	40.050000	411	228	0	2
804	40.100000	371	243	0	2
805	40.150000	331	230	0	2
806	40.200000	291	241	0	2
807	40.250000	251	224	0	2
808	40.300000	221	234	0	2
809	40.350000	261	243	0	2
810	40.400000	301	251	0	2
811	40.450000	341	241	0	2
812	40.500000	381	236	0	2
813	40.550000	421	262	0	2
814	40.600000	391	245	0	2
815	40.650000	351	242	0	2
816	40.700000	311	244	0	2
817	40.750000	271	226	0	2
818	40.800000	231	243	0	2
819	40.850000	241	226	0	2
820	40.900000	281	240	0	2
821	40.950000	321	219	0	2
822	41.000000	361	237	0	2
823	41.050000	401	235	0	2
824	41.100000	411	243	0	2
825	41.150000	371	242	0	2
826	41.200000	331	246	0	2
827	41.250000	291	237	0	2
828	41.300000	251	228	0	2
829	41.350000	221	234	0	2
830	41.400000	261	249	0	2
831	41.450000	301	240	0	2
832	41.500000	341	250	0	2
833	41.550000	381	221	0	2
834	41.600000	421	218	0	2
835	41.650000	391	240	0	2
836	41.700000	351	233	0	2
837	41.750000	311	257	0	2
838	41.800000	271	269	0	2
839	41.850000	231	230	0	2
840	41.900000	241	250	0	2
841	41.950000	281	234	0	2
842	42.000000	321	221	0	2
843	42.050000	361	243	0	2
844	42.100000	401	242	0	2
845	42.150000	411	228	0	2
846	42.200000	371	239	0	2
847	42.250000	331	239	0	2
848	42.300000	291	262	0	2
849	42.350000	251	225	0	2
850	42.400000	221	235	0	2
851	42.450000	261	235	0	2
852	42.500000	301	240	0	2
853	42.550000	341	243	0	2
854	42.600000	381	239	0	2
855	42.650000	421	219	0	2
856	42.700000	391	225	0	2
857	42.750000	351	228	0	2
858	42.800000	311	237	0	2
859	42.850000	271	221	0	2
860	42.900000	231	231	0	2
861	42.950000	241	237	0	2
862	43.000000	281	235	0	2
863	43.050000	321	207	0	2
864	43.100000	361	223	0	2
865	43.150000	401	228	0	2
866	43.200000	411	233	0	2
867	43.250000	371	237	0	2
868	43.300000	331	241	0	2
869	43.350000	291	252	0	2
870	43.400000	251	226	0	2
871	43.450000	221	242	0	2
872	43.500000	261	228	0	2
873	43.550000	301	241	0	2
874	43.600000	341	243	0	2
875	43.650000	381	229	0	2
876	43.700000	421	243	0	2
877	43.750000	391	243	0	2
878	43.800000	351	226	0	2
879	43.850000	311	238	0	2
880	43.900000	271	244	0	2
881	43.950000	231	233	0	2
882	44.000000	241	240	0	2
883	44.050000	281	225	0	2
884	44.100000	321	240	0	2
885	44.150000	361	256	0	2
886	44.200000	401	240	0	2
887	44.250000	411	228	0	2
888	44.300000	371	262	0	2
889	44.350000	331	237	0	2
890	44.400000	291	227	0	2
891	44.450000	251	244	0	2
892	44.500000	221	225	0	2
893	44.550000	261	238	0	2
894	44.600000	301	226	0	2
895	44.650000	341	241	0	2
896	44.700000	381	235	0	2
897	44.750000	421	235	0	2
898	44.800000	391	233	0	2
899	44.850000	351	258	0	2
900	44.900000	311	231	0	2
901	44.950000	271	224	0	2
902	45.000000	231	232	0	2
903	45.050000	241	253	0	2
904	45.100000	281	256	0	2
905	45.150000	321	235	0	2
906	45.200000	361	255	0	2
907	45.250000	401	243	0	2
908	45.300000	411	237	0	2
909	45.350000	371	219	0	2
910	45.400000	331	249	0	2
911	45.450000	291	245	0	2
912	45.500000	251	249	0	2
913	45.550000	221	239	0	2
914	45.600000	261	241	0	2
915	45.650000	301	240	0	2
916	45.700000	341	229	0	2
917	45.750000	381	234	0	2
918	45.800000	421	237	0	2
919	45.850000	391	220	0	2
920	45.900000	351	250	0	2
921	45.950000	311	216	0	2
922	46.000000	271	230	0	2
923	46.050000	231	232	0	2
924	46.100000	241	250	0	2
925	46.150000	281	212	0	2
926	46.200000	321	241	0	2
927	46.250000	361	228	0	2
928	46.300000	401	250	0	2
929	46.350000	411	229	0	2
930	46.400000	371	245	0	2
931	46.450000	331	232	0	2
932	46.500000	291	233	0	2
933	46.550000	251	245	0	2
934	46.600000	221	240	0	2
935	46.650000	261	252	0	2
936	46.700000	301	234	0	2
937	46.750000	341	244	0	2
938	46.800000	381	257	0	2
939	46.850000	421	238	0	2
940	46.900000	391	266	0	2
941	46.950000	351	238	0	2
942	47.000000	311	242	0	2
943	47.050000	271	243	0	2
944	47.100000	231	246	0	2
945	47.150000	241	235	0	2
946	47.200000	281	236	0	2
947	47.250000	321	237	0	2
948	47.300000	361	238	0	2
949	47.350000	401	235	0	2
950	47.400000	411	236	0	2
951	47.450000	371	230	0	2
952	47.500000	331	233	0	2
953	47.550000	291	235	0	2
954	47.600000	251	230	0	2
955	47.650000	221	244	0	2
956	47.700000	261	249	0	2
957	47.750000	301	221	0	2
958	47.800000	341	236	0	2
959	47.850000	381	230	0	2
960	47.900000	421	243	0	2
961	47.950000	391	240	0	2
962	48.000000	351	231	0	2
963	48.050000	311	239	0	2
964	48.100000	271	236	0	2
965	48.150000	231	238	0	2
966	48.200000	241	234	0	2
967	48.250000	281	237	0	2
968	48.300000	321	233	0	2
969	48.350000	361	239	0	2
970	48.400000	401	242	0	2
971	48.450000	411	239	0	2
972	48.500000	371	255	0	2
973	48.550000	331	226	0	2
974	48.600000	291	230	0	2
975	48.650000	251	239	0	2
976	48.700000	221	228	0	2
977	48.750000	261	243	0	2
978	48.800000	301	251	0	2
979	48.850000	341	237	0	2
980	48.900000	381	238	0	2
981	48.950000	421	238	0	2
982	49.000000	391	245	0	2
983	49.050000	351	253	0	2
984	49.100000	311	231	0	2
985	49.150000	271	244	0	2
986	49.200000	231	236	0	2
987	49.250000	241	234	0	2
988	49.300000	281	219	0	2
989	49.350000	321	245	0	2
990	49.400000	361	229	0	2
991	49.450000	401	248	0	2
992	49.500000	411	227	0	2
993	49.550000	371	247	0	2
994	49.600000	331	220	0	2
995	49.650000	291	239	0	2
996	49.700000	251	229	0	2
997	49.750000	221	232	0	2
998	49.800000	261	220	0	2
999	49.850000	301	215	0	2
1000	49.900000	341	229	0	2
1001	49.950000	381	229	0	2
1002	50.000000	421	227	0	2
1003	50.050000	391	224	0	2
1004	50.100000	351	247	0	2
1005	50.150000	311	226	0	2
1006	50.200000	271	226	0	2
1007	50.250000	231	227	0	2
1008	50.300000	241	231	0	2
1009	50.350000	281	242	0	2
1010	50.400000	321	241	0	2
1011	50.450000	361	246	0	2
1012	50.500000	401	237	0	2
1013	50.550000	411	229	0	2
1014	50.600000	371	235	0	2
1015	50.650000	331	245	0	2
1016	50.700000	291	223	0	2
1017	50.750000	251	250	0	2
1018	50.800000	221	231	0	2
1019	50.850000	261	237	0	2
1020	50.900000	301	233	0	2
1021	50.950000	341	249	0	2
1022	51.000000	381	228	0	2
1023	51.050000	421	242	0	2
1024	51.100000	391	236	0	2
1025	51.150000	351	238	0	2
1026	51.200000	311	258	0	2
1027	51.250000	271	232	0	2
1028	51.300000	231	221	0	2
1029	51.350000	241	237	0	2
1030	51.400000	281	239	0	2
1031	51.450000	321	232	0	2
1032	51.500000	361	253	0	2
1033	51.550000	401	235	0	2
1034	51.600000	411	250	0	2
1035	51.650000	371	240	0	2
1036	51.700000	331	232	0	2
1037	51.750000	291	239	0	2
1038	51.800000	251	214	0	2
1039	51.850000	221	225	0	2
1040	51.900000	261	235	0	2
1041	51.950000	301	242	0	2
1042	52.000000	341	237	0	2
1043	52.050000	381	247	0	2
1044	52.100000	421	230	0	2
1045	52.150000	391	238	0	2
1046	52.200000	351	239	0	2
1047	52.250000	311	246	0	2
1048	52.300000	271	249	0	2
1049	52.350000	231	255	0	2
1050	52.400000	241	237	0	2
1051	52.450000	281	226	0	2
1052	52.500000	321	246	0	2
1053	52.550000	361	231	0	2
1054	52.600000	401	238	0	2
1055	52.650000	411	242	0	2
1056	52.700000	371	241	0	2
1057	52.750000	331	234	0	2
1058	52.800000	291	225	0	2
1059	52.850000	251	248	0	2
1060	52.900000	221	264	0	2
1061	52.950000	261	229	0	2
1062	53.000000	301	256	0	2
1063	53.050000	341	232	0	2
1064	53.100000	381	250	0	2
1065	53.150000	421	240	0	2
1066	53.200000	391	252	0	2
1067	53.250000	351	245	0	2
1068	53.300000	311	250	0	2
1069	53.350000	271	248	0	2
1070	53.400000	231	242	0	2
1071	53.450000	241	232	0	2
1072	53.500000	281	222	0	2
1073	53.550000	321	250	0	2
1074	53.600000	361	230	0	2
1075	53.650000	401	216	0	2
1076	53.700000	411	219	0	2
1077	53.750000	371	238	0	2
1078	53.800000	331	246	0	2
1079	53.850000	291	239	0	2
1080	53.900000	251	236	0	2
1081	53.950000	221	229	0	2
1082	54.000000	261	231	0	2
1083	54.050000	301	228	0	2
1084	54.100000	341	231	0	2
1085	54.150000	381	252	0	2
1086	54.200000	421	242	0	2
1087	54.250000	391	248	0	2
1088	54.300000	351	231	0	2
1089	54.350000	311	248	0	2
1090	54.400000	271	236	0	2
1091	54.450000	231	234	0	2
1092	54.500000	241	242	0	2
1093	54.550000	281	241	0	2
1094	54.600000	321	230	0	2
1095	54.650000	361	226	0	2
1096	54.700000	401	240	0	2
1097	54.750000	411	227	0	2
1098	54.800000	371	232	0	2
1099	54.850000	331	230	0	2
1100	54.900000	291	233	0	2
1101	54.950000	251	239	0	2
1102	55.000000	221	247	0	2
1103	55.050000	261	223	0	2
1104	55.100000	301	215	0	2
1105	55.150000	341	230	0	2
1106	55.200000	381	238	0	2
1107	55.250000	421	242	0	2
1108	55.300000	391	235	0	2
1109	55.350000	351	244	0	2
1110	55.400000	311	241	0	2
1111	55.450000	271	248	0	2
1112	55.500000	231	234	0	2
1113	55.550000	241	255	0	2
1114	55.600000	281	236	0	2
1115	55.650000	321	248	0	2
1116	55.700000	361	253	0	2
1117	55.750000	401	233	0	2
1118	55.800000	411	237	0	2
1119	55.850000	371	241	0	2
1120	55.900000	331	220	0	2
1121	55.950000	291	230	0	2
1122	56.000000	251	243	0	2
1123	56.050000	221	239	0	2
1124	56.100000	261	238	0	2
1125	56.150000	301	238	0	2
1126	56.200000	341	220	0	2
1127	56.250000	381	232	0	2
1128	56.300000	421	229	0	2
1129	56.350000	391	236	0	2
1130	56.400000	351	247	0	2
1131	56.450000	311	238	0	2
1132	56.500000	271	255	0	2
1133	56.550000	231	255	0	2
1134	56.600000	241	235	0	2
1135	56.650000	281	215	0	2
1136	56.700000	321	248	0	2
1137	56.750000	361	221	0	2
1138	56.800000	401	244	0	2
1139	56.850000	411	232	0	2
1140	56.900000	371	244	0	2
1141	56.950000	331	231	0	2
1142	57.000000	291	236	0	2
1143	57.050000	251	242	0	2
1144	57.100000	221	232	0	2
1145	57.150000	261	227	0	2
1146	57.200000	301	243	0	2
1147	57.250000	341	243	0	2
1148	57.300000	381	258	0	2
1149	57.350000	421	237	0	2
1150	57.400000	391	231	0	2
1151	57.450000	351	233	0	2
1152	57.500000	311	234	0	2
1153	57.550000	271	232	0	2
1154	57.600000	231	229	0	2
1155	57.650000	241	240	0	2
1156	57.700000	281	226	0	2
1157	57.750000	321	246	0	2
1158	57.800000	361	225	0	2
1159	57.850000	401	228	0	2
1160	57.900000	411	231	0	2
1161	57.950000	371	248	0	2
1162	58.000000	331	237	0	2
1163	58.050000	291	240	0	2
1164	58.100000	251	249	0	2
1165	58.150000	221	226	0	2
1166	58.200000	261	223	0	2
1167	58.250000	301	235	0	2
1168	58.300000	341	239	0	2
1169	58.350000	381	239	0	2
1170	58.400000	421	238	0	2
1171	58.450000	391	249	0	2
1172	58.500000	351	229	0	2
1173	58.550000	311	238	0	2
1174	58.600000	271	227	0	2
1175	58.650000	231	248	0	2
1176	58.700000	241	234	0	2
1177	58.750000	281	228	0	2
1178	58.800000	321	249	0	2
1179	58.850000	361	232	0	2
1180	58.900000	401	235	0	2
1181	58.950000	411	225	0	2
1182	59.000000	371	227	0	2
1183	59.050000	331	246	0	2
1184	59.100000	291	227	0	2
1185	59.150000	251	233	0	2
1186	59.200000	221	225	0	2
1187	59.250000	261	218	0	2
1188	59.300000	301	234	0	2
1189	59.350000	341	253	0	2
1190	59.400000	381	236	0	2
1191	59.450000	421	244	0	2
1192	59.500000	391	235	0	2
1193	59.550000	351	234	0	2
1194	59.600000	311	225	0	2
1195	59.650000	271	236	0	2
1196	59.700000	231	239	0	2
1197	59.750000	241	239	0	2
1198	59.800000	281	237	0	2
1199	59.850000	321	229	0	2
1200	59.900000	361	254	0	2
1201	59.950000	401	237	0	2
1202	60.000000	411	231	0	2
1203	60.050000	371	239	0	2
1204	60.100000	331	235	0	2
1205	60.150000	291	236	0	2
1206	60.200000	251	235	0	2
1207	60.250000	221	241	0	2
1208	60.300000	261	226	0	2
1209	60.350000	301	234	0	2
1210	60.400000	341	217	0	2
1211	60.450000	381	247	0	2
1212	60.500000	421	241	0	2
1213	60.550000	391	248	0	2
1214	60.600000	351	243	0	2
1215	60.650000	311	236	0	2
1216	60.700000	271	243	0	2
1217	60.750000	231	247	0	2
1218	60.800000	241	245	0	2
1219	60.850000	281	229	0	2
1220	60.900000	321	245	0	2
1221	60.950000	361	262	0	2
1222	61.000000	401	231	0	2
1223	61.050000	411	239	0	2
1224	61.100000	371	237	0	2
1225	61.150000	331	231	0	2
1226	61.200000	291	237	0	2
1227	61.250000	251	215	0	2
1228	61.300000	221	248	0	2
1229	61.350000	261	242	0	2
1230	61.400000	301	239	0	2
1231	61.450000	341	254	0	2
1232	61.500000	381	234	0	2
1233	61.550000	421	238	0	2
1234	61.600000	391	245	0	2
1235	61.650000	351	230	0	2
1236	61.700000	311	260	0	2
1237	61.750000	271	230	0	2
1238	61.800000	231	232	0	2
1239	61.850000	241	240	0	2
1240	61.900000	281	233	0	2
1241	61.950000	321	218	0	2
1242	62.000000	361	244	0	2
1243	62.050000	401	227	0	2
1244	62.100000	411	229	0	2
1245	62.150000	371	247	0	2
1246	62.200000	331	234	0	2
1247	62.250000	291	229	0	2
1248	62.300000	251	236	0	2
1249	62.350000	221	227	0	2
1250	62.400000	261	237	0	2
1251	62.450000	301	238	0	2
1252	62.500000	341	237	0	2
1253	62.550000	381	225	0	2
1254	62.600000	421	217	0	2
1255	62.650000	391	234	0	2
1256	62.700000	351	234	0	2
1257	62.750000	311	235	0	2
1258	62.800000	271	231	0	2
1259	62.850000	231	222	0	2
1260	62.900000	241	239	0	2
1261	62.950000	281	244	0	2
1262	63.000000	321	244	0	2
1263	63.050000	361	235	0	2
1264	63.100000	401	225	0	2
1265	63.150000	411	251	0	2
1266	63.200000	371	233	0	2
1267	63.250000	331	229	0	2
1268	63.300000	291	235	0	2
1269	63.350000	251	241	0	2
1270	63.400000	221	204	0	2
1271	63.450000	261	237	0	2
1272	63.500000	301	237	0	2
1273	63.550000	341	243	0	2
1274	63.600000	381	244	0	2
1275	63.650000	421	248	0	2
1276	63.700000	391	235	0	2
1277	63.750000	351	230	0	2
1278	63.800000	311	258	0	2
1279	63.850000	271	214	0	2
1280	63.900000	231	241	0	2
1281	63.950000	241	220	0	2
1282	64.000000	281	235	0	2
1283	64.050000	321	231	0	2
1284	64.100000	361	234	0	2
1285	64.150000	401	239	0	2
1286	64.200000	411	239	0	2
1287	64.250000	371	246	0	2
1288	64.300000	331	238	0	2
1289	64.350000	291	236	0	2
1290	64.400000	251	234	0	2
1291	64.450000	221	244	0	2
1292	64.500000	261	259	0	2
1293	64.550000	301	233	0	2
1294	64.600000	341	239	0	2
1295	64.650000	381	247	0	2
1296	64.700000	421	240	0	2
1297	64.750000	391	236	0	2
1298	64.800000	351	270	0	2
1299	64.850000	311	227	0	2
1300	64.900000	271	225	0	2
1301	64.950000	231	235	0	2
1302	65.000000	241	251	0	2
1303	65.050000	281	244	0	2
1304	65.100000	321	238	0	2
1305	65.150000	361	236	0	2
1306	65.200000	401	237	0	2
1307	65.250000	411	231	0	2
1308	65.300000	371	242	0	2
1309	65.350000	331	237	0	2
1310	65.400000	291	243	0	2
1311	65.450000	251	237	0	2
1312	65.500000	221	243	0	2
1313	65.550000	261	231	0	2
1314	65.600000	301	244	0	2
1315	65.650000	341	238	0	2
1316	65.700000	381	230	0	2
1317	65.750000	421	231	0	2
1318	65.800000	391	226	0	2
1319	65.850000	351	237	0	2
1320	65.900000	311	256	0	2
1321	65.950000	271	237	0	2
1322	66.000000	231	244	0	2
1323	66.050000	241	232	0	2
1324	66.100000	281	218	0	2
1325	66.150000	321	235	0	2
1326	66.200000	361	227	0	2
1327	66.250000	401	238	0	2
1328	66.300000	411	226	0	2
1329	66.350000	371	241	0	2
1330	66.400000	331	230	0	2
1331	66.450000	291	239	0	2
1332	66.500000	251	221	0	2
1333	66.550000	221	230	0	2
1334	66.600000	261	248	0	2
1335	66.650000	301	247	0	2
1336	66.700000	341	234	0	2
1337	66.750000	381	228	0	2
1338	66.800000	421	260	0	2
1339	66.850000	391	227	0	2
1340	66.900000	351	220	0	2
1341	66.950000	311	233	0	2
1342	67.000000	271	241	0	2
1343	67.050000	231	237	0	2
1344	67.100000	241	258	0	2
1345	67.150000	281	235	0	2
1346	67.200000	321	223	0	2
1347	67.250000	361	254	0	2
1348	67.300000	401	230	0	2
1349	67.350000	411	238	0	2
1350	67.400000	371	258	0	2
1351	67.450000	331	265	0	2
1352	67.500000	291	229	0	2
1353	67.550000	251	235	0	2
1354	67.600000	221	236	0	2
1355	67.650000	261	218	0	2
1356	67.700000	301	215	0	2
1357	67.750000	341	242	0	2
1358	67.800000	381	229	0	2
1359	67.850000	421	244	0	2
1360	67.900000	391	241	0	2
1361	67.950000	351	240	0	2
1362	68.000000	311	241	0	2
1363	68.050000	271	247	0	2
1364	68.100000	231	223	0	2
1365	68.150000	241	249	0	2
1366	68.200000	281	237	0	2
1367	68.250000	321	226	0	2
1368	68.300000	361	248	0	2
1369	68.350000	401	248	0	2
1370	68.400000	411	237	0	2
1371	68.450000	371	236	0	2
1372	68.500000	331	234	0	2
1373	68.550000	291	231	0	2
1374	68.600000	251	244	0	2
1375	68.650000	221	247	0	2
1376	68.700000	261	229	0	2
1377	68.750000	301	231	0	2
1378	68.800000	341	250	0	2
1379	68.850000	381	239	0	2
1380	68.900000	421	222	0	2
1381	68.950000	391	235	0	2
1382	69.000000	351	234	0	2
1383	69.050000	311	229	0	2
1384	69.100000	271	224	0	2
1385	69.150000	231	248	0	2
1386	69.200000	241	222	0	2
1387	69.250000	281	246	0	2
1388	69.300000	321	226	0	2
1389	69.350000	361	244	0	2
1390	69.400000	401	243	0	2
1391	69.450000	411	240	0	2
1392	69.500000	371	234	0	2
1393	69.550000	331	254	0	2
1394	69.600000	291	244	0	2
1395	69.650000	251	224	0	2
1396	69.700000	221	245	0	2
1397	69.750000	261	243	0	2
1398	69.800000	301	246	0	2
1399	69.850000	341	231	0	2
1400	69.900000	381	248	0	2
1401	69.950000	421	226	0	2
1402	70.000000	391	213	0	2
1403	70.050000	351	234	0	2
1404	70.100000	311	231	0	2
1405	70.150000	271	251	0	2
1406	70.200000	231	228	0	2
1407	70.250000	241	228	0	2
1408	70.300000	281	222	0	2
1409	70.350000	321	236	0	2
1410	70.400000	361	238	0	2
1411	70.450000	401	246	0	2
1412	70.500000	411	238	0	2
1413	70.550000	371	252	0	2
1414	70.600000	331	244	0	2
1415	70.650000	291	232	0	2
1416	70.700000	251	237	0	2
1417	70.750000	221	242	0	2
1418	70.800000	261	256	0	2
1419	70.850000	301	217	0	2
1420	70.900000	341	237	0	2
1421	70.950000	381	236	0	2
1422	71.000000	421	231	0	2
1423	71.050000	391	250	0	2
1424	71.100000	351	225	0	2
1425	71.150000	311	239	0	2
1426	71.200000	271	241	0	2
1427	71.250000	231	232	0	2
1428	71.300000	241	255	0	2
1429	71.350000	281	237	0	2
1430	71.400000	321	229	0	2
1431	71.450000	361	229	0	2
1432	71.500000	401	223	0	2
1433	71.550000	411	235	0	2
1434	71.600000	371	240	0	2
1435	71.650000	331	240	0	2
1436	71.700000	291	228	0	2
1437	71.750000	251	234	0	2
1438	71.800000	221	239	0	2
1439	71.850000	261	240	0	2
1440	71.900000	301	250	0	2
1441	71.950000	341	232	0	2
1442	72.000000	381	217	0	2
1443	72.050000	421	227	0	2
1444	72.100000	391	241	0	2
1445	72.150000	351	246	0	2
1446	72.200000	311	241	0	2
1447	72.250000	271	241	0	2
1448	72.300000	231	250	0	2
1449	72.350000	241	255	0	2
1450	72.400000	281	219	0	2
1451	72.450000	321	237	0	2
1452	72.500000	361	220	0	2
1453	72.550000	401	239	0	2
1454	72.600000	411	244	0	2
1455	72.650000	371	236	0	2
1456	72.700000	331	235	0	2
1457	72.750000	291	267	0	2
1458	72.800000	251	244	0	2
1459	72.850000	221	258	0	2
1460	72.900000	261	248	0	2
1461	72.950000	301	235	0	2
1462	73.000000	341	236	0	2
1463	73.050000	381	220	0	2
1464	73.100000	421	241	0	2
1465	73.150000	391	228	0	2
1466	73.200000	351	249	0	2
1467	73.250000	311	230	0	2
1468	73.300000	271	237	0	2
1469	73.350000	231	236	0	2
1470	73.400000	241	242	0	2
1471	73.450000	281	214	0	2
1472	73.500000	321	225	0	2
1473	73.550000	361	255	0	2
1474	73.600000	401	249	0	2
1475	73.650000	411	220	0	2
1476	73.700000	371	230	0	2
1477	73.750000	331	248	0	2
1478	73.800000	291	231	0	2
1479	73.850000	251	258	0	2
1480	73.900000	221	230	0	2
1481	73.950000	261	239	0	2
1482	74.000000	301	230	0	2
1483	74.050000	341	236	0	2
1484	74.100000	381	222	0	2
1485	74.150000	421	240	0	2
1486	74.200000	391	242	0	2
1487	74.250000	351	240	0	2
1488	74.300000	311	219	0	2
1489	74.350000	271	244	0	2
1490	74.400000	231	227	0	2
1491	74.450000	241	249	0	2
1492	74.500000	281	248	0	2
1493	74.550000	321	214	0	2
1494	74.600000	361	232	0	2
1495	74.650000	401	234	0	2
1496	74.700000	411	244	0	2
1497	74.750000	371	220	0	2
1498	74.800000	331	251	0	2
1499	74.850000	291	237	0	2
1500	74.900000	251	235	0	2
1501	74.950000	221	232	0	2
1502	75.000000	261	231	0	2
1503	75.050000	301	247	0	2
1504	75.100000	341	235	0	2
1505	75.150000	381	229	0	2
1506	75.200000	421	232	0	2
1507	75.250000	391	236	0	2
1508	75.300000	351	242	0	2
1509	75.350000	311	242	0	2
1510	75.400000	271	227	0	2
1511	75.450000	231	237	0	2
1512	75.500000	241	222	0	2
1513	75.550000	281	238	0	2
1514	75.600000	321	255	0	2
1515	75.650000	361	224	0	2
1516	75.700000	401	228	0	2
1517	75.750000	411	225	0	2
1518	75.800000	371	219	0	2
1519	75.850000	331	216	0	2
1520	75.900000	291	244	0	2
1521	75.950000	251	231	0	2
1522	76.000000	221	222	0	2
1523	76.050000	261	224	0	2
1524	76.100000	301	240	0	2
1525	76.150000	341	238	0	2
1526	76.200000	381	233	0	2
1527	76.250000	421	245	0	2
1528	76.300000	391	228	0	2
1529	76.350000	351	239	0	2
1530	76.400000	311	230	0	2
1531	76.450000	271	229	0	2
1532	76.500000	231	242	0	2
1533	76.550000	241	244	0	2
1534	76.600000	281	222	0	2
1535	76.650000	321	227	0	2
1536	76.700000	361	244	0	2
1537	76.750000	401	247	0	2
1538	76.800000	411	220	0	2
1539	76.850000	371	223	0	2
1540	76.900000	331	240	0	2
1541	76.950000	291	232	0	2
1542	77.000000	251	218	0	2
1543	77.050000	221	228	0	2
1544	77.100000	261	226	0	2
1545	77.150000	301	217	0	2
1546	77.200000	341	238	0	2
1547	77.250000	381	232	0	2
1548	77.300000	421	216	0	2
1549	77.350000	391	227	0	2
1550	77.400000	351	252	0	2
1551	77.450000	311	239	0	2
1552	77.500000	271	235	0	2
1553	77.550000	231	247	0	2
1554	77.600000	241	224	0	2
1555	77.650000	281	234	0	2
1556	77.700000	321	231	0	2
1557	77.750000	361	236	0	2
1558	77.800000	401	238	0	2
1559	77.850000	411	231	0	2
1560	77.900000	371	227	0	2
1561	77.950000	331	228	0	2
1562	78.000000	291	219	0	2
1563	78.050000	251	251	0	2
1564	78.100000	221	237	0	2
1565	78.150000	261	246	0	2
1566	78.200000	301	243	0	2
1567	78.250000	341	245	0	2
1568	78.300000	381	233	0	2
1569	78.350000	421	230	0	2
1570	78.400000	391	232	0	2
1571	78.450000	351	235	0	2
1572	78.500000	311	242	0	2
1573	78.550000	271	232	0	2
1574	78.600000	231	239	0	2
1575	78.650000	241	254	0	2
1576	78.700000	281	234	0	2
1577	78.750000	321	247	0	2
1578	78.800000	361	244	0	2
1579	78.850000	401	217	0	2
1580	78.900000	411	223	0	2
1581	78.950000	371	216	0	2
1582	79.000000	331	236	0	2
1583	79.050000	291	240	0	2
1584	79.100000	251	249	0	2
1585	79.150000	221	238	0	2
1586	79.200000	261	241	0	2
1587	79.250000	301	232	0	2
1588	79.300000	341	242	0	2
1589	79.350000	381	225	0	2
1590	79.400000	421	229	0	2
1591	79.450000	391	244	0	2
1592	79.500000	351	235	0	2
1593	79.550000	311	250	0	2
1594	79.600000	271	229	0	2
1595	79.650000	231	251	0	2
1596	79.700000	241	218	0	2
1597	79.750000	281	232	0	2
1598	79.800000	321	241	0	2
1599	79.850000	361	232	0	2
1600	79.900000	401	217	0	2
1601	79.950000	411	241	0	2