1	0.092	115	208	0	0
2	0.181	115	210	0	0
3	0.272	115	210	0	0
4	0.371	115	210	0	0
5	0.464	116	210	0	0
6	0.554	117	210	0	0
7	0.644	121	209	0	0
8	0.734	131	211	0	0
9	0.824	139	213	0	0
10	0.914	147	215	0	0
11	1.005	154	217	0	0
12	1.095	165	219	0	0
13	1.185	172	221	0	0
14	1.275	179	224	0	0
15	1.365	185	227	0	0
16	1.455	195	229	0	0
17	1.545	203	232	0	0
18	1.635	212	234	0	0
19	1.725	218	237	0	0
20	1.815	229	242	0	0
21	1.905	238	245	0	0
22	1.995	242	247	0	0
23	2.086	243	248	0	0
24	2.176	243	248	0	0
25	2.266	243	248	0	0
26	2.355	245	249	0	0
27	2.446	247	251	0	0
28	2.536	250	253	0	0
29	2.626	251	253	0	0
30	2.715	250	253	0	0
31	2.805	251	253	0	0
32	2.895	251	253	0	0
33	2.985	251	253	0	0
34	3.075	251	254	0	0
35	3.165	251	254	0	0
36	3.255	252	257	0	0
37	3.345	256	260	0	0
38	3.435	262	264	0	0
39	3.525	268	269	0	0
40	3.615	273	274	0	0
41	3.705	276	277	0	0
42	3.795	280	281	0	0
43	3.885	285	285	0	0
44	3.975	292	290	0	0
45	4.065	299	295	0	0
46	4.155	306	299	0	0
47	4.245	313	302	0	0
48	4.335	323	307	0	0
49	4.425	328	311	0	0
50	4.515	334	314	0	0
51	4.605	341	318	0	0
52	4.695	353	322	0	0
53	4.786	362	325	0	0
54	4.877	371	328	0	0
55	4.966	377	331	0	0
56	5.056	386	334	0	0
57	5.146	388	334	0	0
58	5.236	388	334	0	0
59	5.326	388	334	0	0
60	5.416	388	334	0	0
61	5.506	388	334	0	0
62	5.597	387	334	0	0
63	5.687	386	334	0	0
64	5.777	387	332	0	0
65	5.867	390	331	0	0
66	5.957	394	330	0	0
67	6.047	401	328	0	0
68	6.137	411	325	0	0
69	6.228	416	323	0	0
70	6.318	422	320	0	0
71	6.408	427	319	0	0
72	6.497	436	316	0	0
73	6.587	443	314	0	0
74	6.678	450	312	0	0
75	6.768	456	311	0	0
76	6.858	460	310	0	0
77	6.948	461	309	0	0
78	7.038	461	310	0	0
79	7.128	461	309	0	0
80	7.218	461	309	0	0
81	7.308	460	309	0	0
82	7.398	459	309	0	0
83	7.488	460	307	0	0
84	7.578	463	304	0	0
85	7.667	463	303	0	0
86	7.757	463	303	0	0
87	7.848	463	303	0	0
88	7.937	461	302	0	0
89	8.027	458	301	0	0
90	8.118	455	298	0	0
91	8.208	447	292	0	0
92	8.298	442	288	0	0
93	8.387	436	283	0	0
94	8.478	429	279	0	0
95	8.568	420	272	0	0
96	8.658	414	267	0	0
97	8.748	409	263	0	0
98	8.838	404	260	0	0
99	8.928	397	253	0	0
100	9.018	393	249	0	0
101	9.109	389	245	0	0
102	9.199	384	240	0	0
103	9.289	380	233	0	0
104	9.379	374	228	0	0
105	9.469	370	223	0	0
106	9.559	366	218	0	0
107	9.649	360	212	0	0
108	9.739	357	210	0	0
109	9.829	353	209	0	0
110	9.919	352	211	0	0
111	10.009	345	211	0	0
112	10.099	339	211	0	0
113	10.190	332	211	0	0
114	10.280	327	212	0	0
115	10.370	319	212	0	0
116	10.460	316	213	0	0
117	10.550	316	214	0	0
118	10.640	312	216	0	0
119	10.730	302	218	0	0
120	10.820	296	220	0	0
121	10.910	289	221	0	0
122	11.000	284	222	0	0
123	11.090	274	224	0	0
124	11.180	268	226	0	0
125	11.271	263	227	0	0
126	11.361	258	228	0	0
127	11.451	248	230	0	0
128	11.541	243	231	0	0
129	11.631	237	232	0	0
130	11.721	235	231	0	0
131	11.811	229	229	0	0
132	11.901	225	228	0	0
133	11.991	220	228	0	0
134	12.081	215	229	0	0
135	12.171	207	229	0	0
136	12.261	202	231	0	0
137	12.351	197	232	0	0
138	12.441	191	233	0	0
139	12.531	182	235	0	0
140	12.621	175	236	0	0
141	12.711	168	237	0	0
142	12.801	161	238	0	0
143	12.891	154	239	0	0
144	12.981	143	241	0	0
145	13.072	136	243	0	0
146	13.161	130	244	0	0
147	13.252	124	244	0	0
148	13.342	121	245	0	0
149	13.432	121	245	0	0
150	13.522	121	245	0	0
151	13.612	121	245	0	0
152	13.702	121	245	0	0
153	13.792	122	246	0	0
154	13.882	121	248	0	0
155	13.972	120	249	0	0
156	14.062	118	252	0	0
157	14.152	117	255	0	0
158	14.242	117	256	0	0
159	14.333	117	258	0	0
160	14.423	117	262	0	0
161	14.513	116	265	0	0
162	14.603	114	269	0	0
163	14.694	114	273	0	0
164	14.784	115	278	0	0
165	14.874	116	282	0	0
166	14.964	118	288	0	0
167	15.055	119	294	0	0
168	15.145	122	303	0	0
169	15.235	124	309	0	0
170	15.325	126	316	0	0
171	15.415	129	322	0	0
172	15.505	132	331	0	0
173	15.595	135	336	0	0
174	15.685	139	340	0	0
175	15.776	143	342	0	0
176	15.866	151	346	0	0
177	15.956	155	348	0	0
178	16.046	162	349	0	0
179	16.136	169	350	0	0
180	16.226	179	353	0	0
181	16.316	186	356	0	0
182	16.406	192	358	0	0
183	16.497	199	360	0	0
184	16.586	209	363	0	0
185	16.676	217	365	0	0
186	16.766	223	367	0	0
187	16.856	229	369	0	0
188	16.946	241	372	0	0
189	17.037	247	373	0	0
190	17.127	255	375	0	0
191	17.217	262	378	0	0
192	17.307	271	381	0	0
193	17.397	275	382	0	0
194	17.487	281	384	0	0
195	17.577	287	385	0	0
196	17.667	295	387	0	0
197	17.757	301	388	0	0
198	17.847	306	390	0	0
199	17.938	310	391	0	0
200	18.028	313	392	0	0
201	18.118	313	392	0	0
202	18.208	313	392	0	0
203	18.298	313	392	0	0
204	18.388	313	392	0	0
205	18.478	313	392	0	0
206	18.568	314	392	0	0
207	18.658	315	392	0	0
208	18.747	318	392	0	0
209	18.837	321	391	0	0
210	18.927	324	391	0	0
211	19.017	325	389	0	0
212	19.107	329	385	0	0
213	19.197	333	382	0	0
214	19.287	338	379	0	0
215	19.377	343	375	0	0
216	19.467	348	370	0	0
217	19.557	353	367	0	0
218	19.647	356	364	0	0
219	19.737	359	362	0	0
220	19.827	363	358	0	0
221	19.918	365	356	0	0
222	20.008	367	354	0	0
223	20.097	369	352	0	0
224	20.187	371	350	0	0
225	20.277	371	350	0	0
226	20.367	371	350	0	0
227	20.458	371	350	0	0
228	20.548	371	350	0	0
229	20.638	371	350	0	0
230	20.729	371	350	0	0
231	20.819	371	350	0	0
232	20.909	371	350	0	0
233	20.999	371	350	0	0
234	21.089	371	350	0	0
235	21.178	371	350	0	0
236	21.269	371	350	0	0
237	21.359	370	350	0	0
238	21.449	370	350	0	0
239	21.539	370	350	0	0
240	21.629	370	350	0	0
241	21.719	370	350	0	0
242	21.809	370	350	0	0
243	21.899	370	350	0	0
244	21.989	369	349	0	0
245	22.080	368	348	0	0
246	22.170	368	346	0	0
247	22.260	366	344	0	0
248	22.350	361	341	0	0
249	22.440	357	338	0	0
250	22.530	352	334	0	0
251	22.620	343	328	0	0
252	22.710	337	325	0	0
253	22.800	330	321	0	0
254	22.890	324	317	0	0
255	22.981	315	312	0	0
256	23.071	309	308	0	0
257	23.161	302	303	0	0
258	23.252	297	299	0	0
259	23.342	289	294	0	0
260	23.432	283	290	0	0
261	23.523	277	287	0	0
262	23.613	271	283	0	0
263	23.704	265	280	0	0
264	23.794	263	277	0	0
265	23.884	259	275	0	0
266	23.975	254	273	0	0
267	24.065	247	269	0	0
268	24.155	243	266	0	0
269	24.245	238	263	0	0
270	24.335	235	261	0	0
271	24.425	232	259	0	0
272	24.515	229	258	0	0
273	24.605	227	256	0	0
274	24.696	225	256	0	0
275	24.786	221	255	0	0
276	24.875	217	255	0	0
277	24.965	211	253	0	0
278	25.056	203	252	0	0
279	25.146	194	250	0	0
280	25.236	187	249	0	0
281	25.326	181	247	0	0
282	25.416	175	246	0	0
283	25.506	166	245	0	0
284	25.596	159	243	0	0
285	25.686	152	242	0	0
286	25.776	146	241	0	0
287	25.866	136	240	0	0
288	25.956	130	239	0	0
289	26.046	127	238	0	0
290	26.137	126	238	0	0
291	26.227	126	238	0	0
292	26.317	126	238	0	0
293	26.407	126	238	0	0
294	26.498	126	239	0	0
295	26.588	126	240	0	0
296	26.678	126	241	0	0
297	26.768	124	244	0	0
298	26.858	123	246	0	0
299	26.948	122	249	0	0
300	27.038	121	252	0	0
301	27.128	119	255	0	0
302	27.219	118	259	0	0
303	27.309	118	261	0	0
304	27.399	118	261	0	0
305	27.489	118	261	0	0
306	27.579	118	261	0	0
307	27.669	118	261	0	0
308	27.759	118	261	0	0
309	27.850	119	261	0	0
310	27.940	120	262	0	0
311	28.030	125	266	0	0
312	28.119	129	269	0	0
313	28.209	134	273	0	0
314	28.300	138	277	0	0
315	28.390	144	284	0	0
316	28.480	147	288	0	0
317	28.570	149	293	0	0
318	28.660	152	298	0	0
319	28.750	156	307	0	0
320	28.840	158	312	0	0
321	28.931	161	319	0	0
322	29.021	164	326	0	0
323	29.111	169	334	0	0
324	29.201	172	340	0	0
325	29.291	175	346	0	0
326	29.381	177	352	0	0
327	29.471	180	358	0	0
328	29.561	181	359	0	0
329	29.652	183	360	0	0
330	29.742	186	362	0	0
331	29.832	193	364	0	0
332	29.922	197	365	0	0
333	30.012	203	365	0	0
334	30.102	209	366	0	0
335	30.193	219	367	0	0
336	30.282	227	368	0	0
337	30.373	235	370	0	0
338	30.463	242	371	0	0
339	30.553	253	374	0	0
340	30.642	261	375	0	0
341	30.733	267	377	0	0
342	30.822	275	379	0	0
343	30.913	285	381	0	0
344	31.003	290	381	0	0
345	31.094	292	380	0	0
346	31.183	299	376	0	0
347	31.273	306	373	0	0
348	31.363	313	370	0	0
349	31.454	321	367	0	0
350	31.544	328	365	0	0
351	31.634	337	360	0	0
352	31.724	342	358	0	0
353	31.814	344	357	0	0
354	31.905	348	355	0	0
355	31.995	353	352	0	0
356	32.084	355	351	0	0
357	32.175	355	351	0	0
358	32.265	355	351	0	0
359	32.355	355	351	0	0
360	32.445	355	351	0	0
361	32.536	355	351	0	0
362	32.626	355	350	0	0
363	32.716	355	351	0	0
364	32.806	355	351	0	0
365	32.896	355	351	0	0
366	32.987	355	351	0	0
367	33.077	355	351	0	0
368	33.167	355	351	0	0
369	33.257	355	350	0	0
370	33.347	355	351	0	0
371	33.437	355	350	0	0
372	33.528	355	350	0	0
373	33.618	355	350	0	0
374	33.708	355	350	0	0
375	33.798	356	350	0	0
376	33.888	356	350	0	0
377	33.978	355	350	0	0
378	34.069	356	350	0	0
379	34.159	356	350	0	0
380	34.249	356	350	0	0
381	34.339	356	349	0	0
382	34.430	356	349	0	0
383	34.520	356	349	0	0
384	34.610	355	349	0	0
385	34.700	356	349	0	0
386	34.791	358	349	0	0
387	34.881	361	347	0	0
388	34.971	363	347	0	0
389	35.061	364	347	0	0
390	35.151	364	347	0	0
391	35.241	363	347	0	0
392	35.331	364	347	0	0
393	35.421	363	347	0	0
394	35.512	363	347	0	0
395	35.602	363	347	0	0
396	35.692	363	347	0	0
397	35.783	363	347	0	0
398	35.874	363	347	0	0
399	35.964	363	347	0	0
400	36.055	363	347	0	0
401	36.145	363	347	0	0
402	36.235	363	347	0	0
403	36.325	363	347	0	0
404	36.415	363	347	0	0
405	36.506	363	347	0	0
406	36.597	363	347	0	0
407	36.687	363	347	0	0
408	36.777	363	347	0	0
409	36.867	363	347	0	0
410	36.957	363	347	0	0
411	37.047	363	347	0	0
412	37.137	363	347	0	0
413	37.227	363	347	0	0
414	37.317	363	347	0	0
415	37.407	363	347	0	0
416	37.497	363	347	0	0
417	37.587	363	347	0	0
418	37.677	363	347	0	0
419	37.767	363	347	0	0
420	37.857	363	346	0	0
421	37.947	362	345	0	0
422	38.037	360	343	0	0
423	38.128	357	341	0	0
424	38.218	354	337	0	0
425	38.308	349	332	0	0
426	38.398	342	324	0	0
427	38.488	338	319	0	0
428	38.578	334	314	0	0
429	38.668	330	311	0	0
430	38.758	322	304	0	0
431	38.848	318	297	0	0
432	38.938	313	291	0	0
433	39.028	310	285	0	0
434	39.118	304	274	0	0
435	39.208	300	268	0	0
436	39.298	296	263	0	0
437	39.388	293	256	0	0
438	39.478	288	248	0	0
439	39.568	283	242	0	0
440	39.658	280	238	0	0
441	39.748	278	236	0	0
442	39.838	274	235	0	0
443	39.928	269	235	0	0
444	40.018	263	233	0	0
445	40.108	259	234	0	0
446	40.199	257	235	0	0
447	40.289	253	236	0	0
448	40.379	249	236	0	0
449	40.469	244	237	0	0
450	40.559	233	237	0	0
451	40.649	227	238	0	0
452	40.739	221	237	0	0
453	40.829	214	237	0	0
454	40.919	202	237	0	0
455	41.009	194	236	0	0
456	41.099	186	235	0	0
457	41.189	179	235	0	0
458	41.279	168	233	0	0
459	41.369	161	232	0	0
460	41.459	154	231	0	0
461	41.549	147	229	0	0
462	41.639	137	228	0	0
463	41.729	132	228	0	0
464	41.819	126	227	0	0
465	41.909	123	227	0	0
466	41.999	123	227	0	0
467	42.089	122	227	0	0
468	42.178	122	227	0	0
469	42.269	123	228	0	0
470	42.358	121	231	0	0
471	42.449	118	233	0	0
472	42.539	117	234	0	0
473	42.630	116	235	0	0
474	42.719	116	235	0	0
475	42.809	114	236	0	0
476	42.899	111	237	0	0
477	42.990	108	239	0	0
478	43.080	109	243	0	0
479	43.170	111	245	0	0
480	43.260	113	249	0	0
481	43.350	116	255	0	0
482	43.440	121	262	0	0
483	43.530	125	268	0	0
484	43.620	128	274	0	0
485	43.710	131	280	0	0
486	43.800	134	286	0	0
487	43.890	136	288	0	0
488	43.980	137	290	0	0
489	44.070	140	293	0	0
490	44.160	144	297	0	0
491	44.250	146	299	0	0
492	44.341	148	302	0	0
493	44.431	150	304	0	0
494	44.521	153	307	0	0
495	44.611	156	310	0	0
496	44.701	157	310	0	0
497	44.791	157	310	0	0
498	44.881	157	311	0	0
499	44.971	157	311	0	0
500	45.061	157	311	0	0
501	45.152	157	311	0	0
502	45.241	160	312	0	0
503	45.331	163	313	0	0
504	45.421	169	315	0	0
505	45.512	175	317	0	0
506	45.601	183	320	0	0
507	45.692	189	322	0	0
508	45.782	195	325	0	0
509	45.872	199	327	0	0
510	45.962	208	331	0	0
511	46.052	212	334	0	0
512	46.142	215	336	0	0
513	46.232	219	337	0	0
514	46.322	227	342	0	0
515	46.412	232	344	0	0
516	46.502	236	347	0	0
517	46.592	240	349	0	0
518	46.682	247	352	0	0
519	46.772	253	354	0	0
520	46.862	258	355	0	0
521	46.952	263	356	0	0
522	47.042	271	358	0	0
523	47.132	277	359	0	0
524	47.222	282	360	0	0
525	47.313	286	360	0	0
526	47.402	292	361	0	0
527	47.492	296	363	0	0
528	47.582	301	363	0	0
529	47.673	308	365	0	0
530	47.763	314	367	0	0
531	47.853	316	368	0	0
532	47.943	317	368	0	0
533	48.033	324	370	0	0
534	48.123	332	371	0	0
535	48.214	336	371	0	0
536	48.304	338	371	0	0
537	48.394	338	371	0	0
538	48.485	338	371	0	0
539	48.575	338	371	0	0
540	48.665	338	371	0	0
541	48.755	338	371	0	0
542	48.845	338	371	0	0
543	48.935	338	371	0	0
544	49.025	339	369	0	0
545	49.116	343	366	0	0
546	49.206	350	361	0	0
547	49.296	355	357	0	0
548	49.386	359	354	0	0
549	49.476	364	349	0	0
550	49.566	372	344	0	0
551	49.656	378	340	0	0
552	49.746	383	336	0	0
553	49.836	390	333	0	0
554	49.926	399	328	0	0
555	50.017	403	325	0	0
556	50.107	407	322	0	0
557	50.198	412	318	0	0
558	50.288	419	313	0	0
559	50.378	424	309	0	0
560	50.468	429	306	0	0
561	50.559	434	301	0	0
562	50.649	441	297	0	0
563	50.739	444	295	0	0
564	50.830	448	294	0	0
565	50.920	452	293	0	0
566	51.010	460	291	0	0
567	51.100	462	290	0	0
568	51.190	463	290	0	0
569	51.281	465	289	0	0
570	51.370	468	287	0	0
571	51.461	467	285	0	0
572	51.551	468	283	0	0
573	51.641	468	281	0	0
574	51.731	465	280	0	0
575	51.821	463	280	0	0
576	51.911	460	278	0	0
577	52.002	456	275	0	0
578	52.092	450	269	0	0
579	52.182	445	265	0	0
580	52.272	441	261	0	0
581	52.363	435	256	0	0
582	52.452	427	250	0	0
583	52.543	421	246	0	0
584	52.633	415	241	0	0
585	52.723	409	237	0	0
586	52.813	400	230	0	0
587	52.904	393	225	0	0
588	52.994	386	220	0	0
589	53.084	381	216	0	0
590	53.174	372	209	0	0
591	53.265	367	205	0	0
592	53.355	365	203	0	0
593	53.445	365	202	0	0
594	53.535	365	202	0	0
595	53.625	365	200	0	0
596	53.715	365	198	0	0
597	53.806	365	195	0	0
598	53.896	363	186	0	0
599	53.986	362	181	0	0
600	54.076	362	175	0	0
601	54.167	361	169	0	0
602	54.257	361	161	0	0
603	54.347	359	155	0	0
604	54.437	357	151	0	0
605	54.528	355	147	0	0
606	54.617	354	144	0	0
607	54.708	354	142	0	0
608	54.798	353	139	0	0
609	54.888	353	136	0	0
610	54.979	352	135	0	0
611	55.069	352	135	0	0
612	55.159	352	135	0	0
613	55.250	352	135	0	0
614	55.340	352	136	0	0
615	55.430	350	137	0	0
616	55.520	345	136	0	0
617	55.611	339	135	0	0
618	55.701	330	133	0	0
619	55.791	323	132	0	0
620	55.881	316	130	0	0
621	55.971	305	128	0	0
622	56.061	297	126	0	0
623	56.152	290	125	0	0
624	56.242	283	123	0	0
625	56.332	273	121	0	0
626	56.422	265	120	0	0
627	56.512	259	119	0	0
628	56.602	252	118	0	0
629	56.692	242	116	0	0
630	56.782	235	114	0	0
631	56.872	228	113	0	0
632	56.962	219	112	0	0
633	57.052	209	110	0	0
634	57.142	202	108	0	0
635	57.233	195	106	0	0
636	57.322	188	104	0	0
637	57.414	180	102	0	0
638	57.504	176	102	0	0
639	57.594	175	102	0	0
640	57.684	170	103	0	0
641	57.774	160	107	0	0
642	57.863	155	110	0	0
643	57.953	152	112	0	0
644	58.043	151	115	0	0
645	58.133	149	121	0	0
646	58.223	145	125	0	0
647	58.313	142	128	0	0
648	58.403	141	132	0	0
649	58.493	137	136	0	0
650	58.583	135	140	0	0
651	58.673	131	144	0	0
652	58.763	129	147	0	0
653	58.853	126	152	0	0
654	58.943	126	155	0	0
655	59.033	127	157	0	0
656	59.123	127	159	0	0
657	59.213	127	160	0	0
658	59.303	126	162	0	0
659	59.393	125	165	0	0
660	59.484	124	168	0	0
661	59.574	121	174	0	0
662	59.664	120	176	0	0
663	59.754	117	180	0	0
664	59.844	114	185	0	0
665	59.934	112	189	0	0
666	60.024	113	191	0	0
667	60.114	112	193	0	0
668	60.204	112	197	0	0
669	60.294	111	203	0	0
670	60.384	110	206	0	0
671	60.474	111	209	0	0
672	60.565	112	209	0	0
673	60.655	117	211	0	0
674	60.745	121	214	0	0
675	60.835	126	218	0	0
676	60.925	131	221	0	0
677	61.015	138	226	0	0
678	61.105	143	229	0	0
679	61.196	146	232	0	0
680	61.285	150	236	0	0
681	61.375	157	242	0	0
682	61.465	161	246	0	0
683	61.555	166	250	0	0
684	61.646	171	255	0	0
685	61.736	176	260	0	0
686	61.826	177	262	0	0
687	61.916	180	264	0	0
688	62.006	183	267	0	0
689	62.096	189	273	0	0
690	62.186	193	277	0	0
691	62.277	197	282	0	0
692	62.367	200	285	0	0
693	62.457	204	292	0	0
694	62.547	207	296	0	0
695	62.637	210	300	0	0
696	62.727	213	303	0	0
697	62.817	217	309	0	0
698	62.907	220	313	0	0
699	62.997	224	317	0	0
700	63.087	225	320	0	0
701	63.177	226	321	0	0
702	63.267	226	321	0	0
703	63.357	227	321	0	0
704	63.447	227	321	0	0
705	63.537	227	321	0	0
706	63.627	226	321	0	0
707	63.718	226	321	0	0
708	63.808	226	321	0	0
709	63.898	226	321	0	0
710	63.988	226	321	0	0
711	64.078	226	321	0	0
712	64.168	226	321	0	0
713	64.258	226	321	0	0
714	64.348	226	321	0	0
715	64.438	226	321	0	0
716	64.528	226	321	0	0
717	64.618	226	321	0	0
718	64.708	226	321	0	0
719	64.799	226	321	0	0
720	64.889	226	321	0	0
721	64.979	226	321	0	0
722	65.069	226	321	0	0
723	65.159	226	321	0	0
724	65.249	226	321	0	0
725	65.339	226	321	0	0
726	65.429	226	321	0	0
727	65.519	226	321	0	0
728	65.609	226	321	0	0
729	65.699	226	321	0	0
730	65.789	226	321	0	0
731	65.880	226	321	0	0
732	65.969	226	321	0	0
733	66.059	226	322	0	0
734	66.149	226	324	0	0
735	66.239	226	328	0	0
736	66.329	226	334	0	0
737	66.419	227	345	0	0
738	66.509	228	353	0	0
739	66.599	229	360	0	0
740	66.689	230	367	0	0
741	66.779	233	376	0	0
742	66.869	234	383	0	0
743	66.960	236	390	0	0
744	67.050	237	397	0	0
745	67.140	238	408	0	0
746	67.230	239	414	0	0
747	67.320	239	419	0	0
748	67.410	241	420	0	0
749	67.500	247	420	0	0
750	67.590	253	421	0	0
751	67.680	259	421	0	0
752	67.770	265	421	0	0
753	67.860	276	422	0	0
754	67.950	283	422	0	0
755	68.040	289	422	0	0
756	68.130	296	420	0	0
757	68.220	305	418	0	0
758	68.310	313	415	0	0
759	68.400	319	413	0	0
760	68.491	326	411	0	0
761	68.581	335	407	0	0
762	68.671	342	405	0	0
763	68.761	349	403	0	0
764	68.852	355	400	0	0
765	68.942	366	395	0	0
766	69.031	373	392	0	0
767	69.121	378	390	0	0
768	69.212	384	386	0	0
769	69.302	393	381	0	0
770	69.392	398	378	0	0
771	69.482	405	375	0	0
772	69.573	411	371	0	0
773	69.663	419	367	0	0
774	69.753	423	364	0	0
775	69.844	424	362	0	0
776	69.934	425	359	0	0
777	70.025	430	353	0	0
778	70.115	433	349	0	0
779	70.205	435	345	0	0
780	70.295	437	343	0	0
781	70.385	439	339	0	0
782	70.475	439	339	0	0
783	70.566	439	339	0	0
784	70.656	439	338	0	0
785	70.747	438	338	0	0
786	70.837	438	339	0	0
787	70.927	438	338	0	0
788	71.018	438	339	0	0
789	71.108	436	338	0	0
790	71.198	434	337	0	0
791	71.288	432	335	0	0
792	71.379	428	331	0	0
793	71.469	422	324	0	0
794	71.558	417	320	0	0
795	71.648	412	316	0	0
796	71.739	407	310	0	0
797	71.829	401	304	0	0
798	71.919	397	300	0	0
799	72.009	394	296	0	0
800	72.101	389	292	0	0
801	72.191	382	286	0	0
802	72.280	378	282	0	0
803	72.370	374	277	0	0
804	72.461	370	272	0	0
805	72.551	364	265	0	0
806	72.641	360	260	0	0
807	72.731	356	254	0	0
808	72.822	353	248	0	0
809	72.912	348	240	0	0
810	73.002	345	235	0	0
811	73.092	342	230	0	0
812	73.183	340	227	0	0
813	73.273	336	223	0	0
814	73.363	335	222	0	0
815	73.453	334	221	0	0
816	73.544	334	221	0	0
817	73.634	334	222	0	0
818	73.724	334	222	0	0
819	73.814	334	223	0	0
820	73.905	333	222	0	0
821	73.995	332	221	0	0
822	74.085	330	218	0	0
823	74.175	327	217	0	0
824	74.265	325	215	0	0
825	74.355	322	215	0	0
826	74.445	321	215	0	0
827	74.535	317	215	0	0
828	74.625	311	215	0	0
829	74.716	307	216	0	0
830	74.806	304	216	0	0
831	74.886	301	217	0	0
832	74.977	297	217	0	0
833	75.067	291	219	0	0
834	75.147	287	220	0	0
835	75.238	283	221	0	0
836	75.317	280	222	0	0
837	75.407	276	223	0	0
838	75.498	273	225	0	0
839	75.588	267	227	0	0
840	75.678	262	227	0	0
841	75.758	257	228	0	0
842	75.838	252	228	0	0
843	75.918	247	230	0	0
844	75.998	243	230	0	0
845	76.078	238	231	0	0
846	76.158	233	231	0	0
847	76.238	227	230	0	0
848	76.328	221	229	0	0
849	76.408	215	229	0	0
850	76.488	210	227	0	0
851	76.579	203	227	0	0
852	76.669	194	225	0	0
853	76.759	189	225	0	0
854	76.849	183	223	0	0
855	76.939	177	222	0	0
856	77.029	167	221	0	0
857	77.119	160	221	0	0
858	77.209	154	220	0	0
859	77.299	148	220	0	0
860	77.389	139	219	0	0
861	77.479	133	218	0	0
862	77.569	127	217	0	0
863	77.659	121	216	0	0
864	77.749	115	215	0	0
865	77.839	112	215	0	0
866	77.929	113	216	0	0
867	78.019	113	218	0	0
868	78.109	111	222	0	0
869	78.199	109	226	0	0
870	78.289	106	232	0	0
871	78.379	104	237	0	0
872	78.469	106	241	0	0
873	78.559	108	242	0	0
874	78.649	109	243	0	0
875	78.739	111	246	0	0
876	78.829	115	251	0	0
877	78.918	116	253	0	0
878	79.008	116	253	0	0
879	79.099	116	253	0	0
880	79.189	116	253	0	0
881	79.279	116	253	0	0
882	79.369	116	253	0	0
883	79.459	116	253	0	0
884	79.549	117	253	0	0
885	79.639	116	253	0	0
886	79.728	117	253	0	0
887	79.819	118	252	0	0
888	79.909	123	252	0	0
889	79.999	129	252	0	0
890	80.089	135	253	0	0
891	80.179	142	253	0	0
892	80.269	153	256	0	0
893	80.349	160	258	0	0
894	80.439	167	259	0	0
895	80.529	174	260	0	0
896	80.610	180	262	0	0
897	80.691	187	263	0	0
898	80.781	194	265	0	0
899	80.861	206	266	0	0
900	80.951	214	266	0	0
901	81.031	223	267	0	0
902	81.121	230	268	0	0
903	81.201	236	269	0	0
904	81.291	240	270	0	0
905	81.382	243	271	0	0
906	81.462	248	272	0	0
907	81.552	253	273	0	0
908	81.632	258	274	0	0
909	81.712	263	275	0	0
910	81.802	267	276	0	0
911	81.882	271	277	0	0
912	81.972	274	278	0	0
913	82.053	276	279	0	0
914	82.143	277	279	0	0
915	82.224	277	279	0	0
916	82.314	277	279	0	0
917	82.394	277	279	0	0
918	82.484	277	279	0	0
919	82.564	277	279	0	0
920	82.655	277	279	0	0
921	82.735	277	279	0	0
922	82.826	277	279	0	0
923	82.906	277	279	0	0
924	82.996	277	279	0	0
925	83.077	277	279	0	0
926	83.166	277	279	0	0
927	83.257	277	279	0	0
928	83.337	277	279	0	0
929	83.427	277	279	0	0
930	83.517	277	279	0	0
931	83.597	277	279	0	0
932	83.688	277	279	0	0
933	83.768	277	279	0	0
934	83.858	277	279	0	0
935	83.939	278	279	0	0
936	84.029	278	279	0	0
937	84.119	278	279	0	0
938	84.209	277	279	0	0
939	84.299	277	279	0	0
940	84.379	277	279	0	0
941	84.459	277	279	0	0
942	84.539	278	279	0	0
943	84.620	277	279	0	0
944	84.700	277	279	0	0
945	84.781	278	279	0	0
946	84.861	278	279	0	0
947	84.951	278	279	0	0
948	85.032	278	279	0	0
949	85.112	277	279	0	0
950	85.192	278	279	0	0
951	85.272	278	279	0	0
952	85.352	278	279	0	0
953	85.432	278	279	0	0
954	85.512	279	279	0	0
955	85.592	278	279	0	0
956	85.672	277	279	0	0
957	85.752	278	279	0	0
958	85.832	278	279	0	0
959	85.912	278	279	0	0
960	85.992	278	279	0	0
961	86.073	278	279	0	0
962	86.153	278	279	0	0
963	86.233	278	279	0	4
964	86.323	277	279	0	4
965	86.413	279	279	0	4
966	86.504	279	279	0	4
967	86.594	279	279	0	4
968	86.684	279	279	0	4
969	86.774	279	279	0	4
970	86.864	279	279	0	4
971	86.954	279	279	0	4
972	87.044	279	279	0	4
973	87.134	279	279	0	4
974	87.224	279	279	0	4
975	87.314	279	279	0	4
976	87.404	279	279	0	4
977	87.494	279	279	0	4
978	87.584	279	279	0	4
979	87.675	279	279	0	4
980	87.765	279	279	0	4
981	87.855	279	279	0	4
982	87.946	279	279	0	4
983	88.036	279	279	0	4
984	88.126	279	279	0	4
985	88.217	279	279	0	4
986	88.308	279	279	0	4
987	88.398	279	279	0	4
988	88.488	279	279	0	4
989	88.578	279	279	0	4
990	88.668	279	279	0	4
991	88.759	279	279	0	4
992	88.849	279	279	0	4
993	88.939	279	279	0	4
994	89.030	279	279	0	4
995	89.120	279	279	0	4
996	89.210	279	279	0	4
997	89.300	279	279	0	4
998	89.391	279	279	0	4
999	89.481	279	279	0	4
1000	89.571	279	279	0	4
1001	89.661	279	279	0	4
1002	89.752	279	279	0	4
1003	89.842	279	279	0	4
1004	89.932	279	279	0	4
1005	90.022	279	279	0	4
1006	90.112	279	279	0	4
1007	90.202	279	279	0	4
1008	90.292	279	279	0	4
1009	90.382	279	279	0	4
1010	90.473	279	279	0	4
1011	90.563	279	279	0	4
1012	90.653	279	279	0	4
1013	90.743	279	279	0	4
1014	90.833	279	279	0	4
1015	90.923	279	279	0	4
1016	91.013	279	279	0	4
1017	91.103	279	279	0	4
1018	91.193	279	279	0	4
1019	91.283	279	279	0	4
1020	91.373	279	279	0	4
1021	91.463	279	279	0	4
1022	91.553	279	279	0	4
1023	91.643	279	279	0	4
1024	91.734	279	279	0	4
1025	91.824	279	279	0	4
1026	91.914	279	279	0	4
1027	92.003	279	279	0	4
1028	92.093	279	279	0	4
1029	92.183	279	279	0	4
1030	92.273	279	279	0	4
1031	92.363	279	279	0	4
1032	92.453	279	279	0	4
1033	92.543	279	279	0	4
1034	92.634	279	279	0	4
1035	92.724	279	279	0	4
1036	92.813	279	279	0	4
1037	92.904	279	279	0	4
1038	92.993	279	279	0	4
1039	93.083	279	279	0	4
1040	93.173	279	279	0	4
1041	93.263	279	279	0	4
1042	93.353	279	279	0	4
1043	93.443	279	279	0	4
1044	93.533	279	279	0	4
1045	93.623	279	279	0	4
1046	93.713	279	279	0	4
1047	93.803	279	279	0	4
1048	93.892	279	279	0	4
1049	93.983	279	279	0	4
1050	94.072	279	279	0	4
1051	94.163	279	279	0	4
1052	94.253	279	279	0	4
1053	94.343	279	279	0	4
1054	94.433	279	279	0	4
1055	94.523	279	279	0	4
1056	94.613	278	279	0	4
1057	94.703	278	281	0	4
1058	94.793	279	282	0	4
1059	94.883	283	290	0	4
1060	94.973	287	295	0	4
1061	95.063	291	302	0	4
1062	95.153	294	308	0	4
1063	95.243	298	319	0	4
1064	95.333	302	327	0	4
1065	95.424	305	335	0	4
1066	95.514	309	343	0	4
1067	95.604	313	354	0	4
1068	95.693	316	361	0	4
1069	95.784	319	369	0	4
1070	95.874	321	377	0	4
1071	95.963	325	388	0	4
1072	96.053	327	396	0	4
1073	96.143	329	403	0	4
1074	96.233	332	411	0	4
1075	96.323	335	424	0	4
1076	96.414	336	428	0	4
1077	96.504	335	427	0	4
1078	96.594	334	424	0	4
1079	96.684	335	422	0	4
1080	96.774	335	422	0	4
1081	96.864	336	422	0	4
1082	96.954	336	422	0	4
1083	97.044	336	422	0	4
1084	97.134	336	422	0	4
1085	97.224	336	422	0	4
1086	97.314	335	421	0	4
1087	97.404	335	421	0	4
1088	97.494	335	420	0	4
1089	97.584	335	420	0	4
1090	97.674	335	420	0	4
1091	97.764	335	420	0	4
1092	97.854	334	420	0	4
1093	97.944	333	420	0	4
1094	98.034	331	420	0	4
1095	98.124	325	424	0	4
1096	98.214	322	426	0	4
1097	98.304	317	427	0	4
1098	98.394	311	427	0	4
1099	98.485	300	429	0	4
1100	98.575	293	428	0	4
1101	98.665	285	428	0	4
1102	98.755	277	427	0	4
1103	98.845	268	426	0	4
1104	98.934	261	425	0	4
1105	99.025	254	423	0	4
1106	99.114	247	421	0	4
1107	99.204	235	417	0	4
1108	99.294	228	415	0	4
1109	99.384	221	412	0	4
1110	99.475	214	409	0	4
1111	99.565	203	404	0	4
1112	99.654	197	401	0	4
1113	99.745	191	398	0	4
1114	99.835	186	394	0	4
1115	99.925	180	389	0	4
1116	100.015	176	387	0	4
1117	100.105	175	386	0	4
1118	100.195	175	386	0	4
1119	100.285	175	386	0	4
1120	100.375	175	385	0	4
1121	100.465	174	385	0	4
1122	100.556	174	385	0	4
1123	100.646	174	385	0	4
1124	100.735	174	385	0	4
1125	100.826	175	385	0	4
1126	100.916	175	385	0	4
1127	101.006	175	385	0	4
1128	101.096	176	384	0	4
1129	101.186	175	382	0	4
1130	101.276	174	379	0	4
1131	101.366	169	372	0	4
1132	101.456	165	369	0	4
1133	101.546	163	366	0	4
1134	101.636	160	362	0	4
1135	101.726	155	358	0	4
1136	101.816	153	355	0	4
1137	101.906	149	351	0	4
1138	101.997	145	346	0	4
1139	102.087	138	340	0	4
1140	102.177	133	334	0	4
1141	102.267	129	330	0	4
1142	102.357	126	327	0	4
1143	102.447	127	325	0	4
1144	102.537	127	322	0	4
1145	102.627	126	319	0	4
1146	102.717	126	316	0	4
1147	102.807	126	310	0	4
1148	102.897	125	305	0	4
1149	102.987	124	299	0	4
1150	103.077	123	293	0	4
1151	103.168	122	291	0	4
1152	103.257	122	291	0	4
1153	103.347	122	291	0	4
1154	103.437	122	291	0	4
1155	103.528	122	291	0	4
1156	103.617	122	291	0	4
1157	103.707	122	291	0	4
1158	103.798	122	291	0	4
1159	103.888	122	291	0	4
1160	103.977	123	292	0	4
1161	104.067	125	291	0	4
1162	104.158	127	291	0	4
1163	104.248	133	287	0	4
1164	104.338	138	284	0	4
1165	104.428	141	281	0	4
1166	104.518	145	277	0	4
1167	104.608	152	271	0	4
1168	104.698	156	268	0	4
1169	104.788	161	264	0	4
1170	104.878	166	259	0	4
1171	104.968	172	252	0	4
1172	105.058	176	248	0	4
1173	105.148	179	244	0	4
1174	105.238	181	242	0	4
1175	105.328	187	236	0	4
1176	105.418	191	230	0	4
1177	105.508	194	225	0	4
1178	105.599	198	219	0	4
1179	105.689	204	210	0	4
1180	105.779	208	204	0	4
1181	105.869	212	199	0	4
1182	105.959	217	192	0	4
1183	106.049	223	186	0	4
1184	106.139	226	180	0	4
1185	106.229	229	177	0	4
1186	106.319	231	175	0	4
1187	106.409	234	171	0	4
1188	106.499	237	169	0	4
1189	106.589	238	168	0	4
1190	106.680	237	167	0	4
1191	106.770	238	167	0	4
1192	106.860	238	167	0	4
1193	106.950	237	167	0	4
1194	107.040	238	167	0	4
1195	107.130	238	167	0	4
1196	107.220	238	167	0	4
1197	107.310	238	167	0	4
1198	107.400	237	167	0	4
1199	107.490	238	167	0	4
1200	107.580	238	167	0	4
1201	107.670	238	167	0	4
1202	107.761	238	167	0	4
1203	107.851	238	167	0	4
1204	107.941	238	167	0	4
1205	108.031	238	167	0	4
1206	108.122	238	167	0	4
1207	108.212	238	167	0	4
1208	108.302	238	167	0	4
1209	108.392	238	167	0	4
1210	108.482	238	167	0	4
1211	108.572	238	167	0	4
1212	108.662	238	167	0	4
1213	108.753	238	167	0	4
1214	108.843	238	167	0	4
1215	108.933	238	167	0	4
1216	109.023	238	167	0	4
1217	109.114	238	167	0	4
1218	109.204	238	167	0	4
1219	109.294	238	167	0	4
1220	109.384	238	166	0	4
1221	109.474	238	167	0	4
1222	109.564	238	167	0	4
1223	109.654	238	167	0	4
1224	109.744	238	167	0	4
1225	109.834	238	167	0	4
1226	109.925	238	167	0	4
1227	110.015	239	166	0	4
1228	110.104	239	166	0	4
1229	110.195	239	166	0	4
1230	110.285	240	166	0	4
1231	110.375	240	166	0	4
1232	110.465	240	165	0	4
1233	110.555	240	165	0	4
1234	110.646	240	165	0	4
1235	110.735	240	165	0	4
1236	110.825	240	165	0	4
1237	110.916	240	165	0	4
1238	111.006	240	165	0	4
1239	111.096	240	165	0	4
1240	111.186	240	165	0	4
1241	111.276	240	165	0	4
1242	111.367	240	165	0	4
1243	111.457	241	165	0	4
1244	111.547	240	165	0	4
1245	111.637	240	165	0	4
1246	111.728	240	165	0	4
1247	111.818	240	165	0	4
1248	111.908	240	165	0	4
1249	111.998	240	165	0	4
1250	112.088	240	165	0	4
1251	112.178	240	165	0	4
1252	112.268	240	165	0	4
1253	112.358	240	165	0	4
1254	112.448	240	165	0	4
1255	112.538	240	165	0	4
1256	112.628	240	165	0	4
1257	112.718	240	165	0	4
1258	112.808	240	164	0	4
1259	112.898	240	165	0	4
1260	112.988	240	165	0	4
1261	113.078	240	164	0	4
1262	113.168	240	165	0	4
1263	113.258	240	164	0	4
1264	113.348	240	165	0	4
1265	113.438	240	165	0	4
1266	113.528	239	165	0	4
1267	113.618	239	165	0	4
1268	113.708	239	166	0	4
1269	113.798	240	165	0	4
1270	113.888	239	165	0	4
1271	113.978	239	166	0	4
1272	114.068	239	165	0	4
1273	114.158	240	165	0	4
1274	114.248	239	166	0	4
1275	114.339	240	165	0	4
1276	114.428	239	166	0	4
1277	114.518	239	166	0	4
1278	114.608	239	166	0	4
1279	114.698	240	165	0	4
1280	114.788	240	166	0	4
1281	114.878	240	165	0	4
1282	114.968	240	165	0	4
1283	115.059	240	165	0	4
1284	115.149	240	165	0	4
1285	115.239	240	165	0	4
1286	115.329	240	166	0	4
1287	115.419	240	165	0	4
1288	115.509	240	164	0	4
1289	115.599	240	164	0	4
1290	115.689	240	164	0	4
1291	115.779	240	164	0	4
1292	115.869	240	164	0	4
1293	115.959	240	164	0	4
1294	116.049	240	165	0	4
1295	116.140	240	164	0	4
1296	116.230	240	164	0	4
1297	116.320	240	165	0	4
1298	116.410	240	165	0	4
1299	116.500	240	164	0	4
1300	116.590	240	165	0	4
1301	116.680	240	164	0	4
1302	116.770	240	165	0	4
1303	116.860	240	164	0	4
1304	116.950	240	165	0	4
1305	117.040	240	165	0	4
1306	117.130	241	165	0	4
1307	117.220	240	165	0	4
1308	117.310	241	165	0	4
1309	117.400	240	165	0	4
1310	117.490	241	165	0	4
1311	117.580	241	165	0	4
1312	117.670	240	166	0	4
1313	117.760	240	165	0	4
1314	117.850	240	165	0	4
1315	117.940	240	165	0	4
1316	118.030	240	165	0	4
1317	118.121	240	166	0	4
1318	118.210	240	166	0	4
1319	118.301	240	166	0	4
1320	118.391	240	165	0	4
1321	118.481	239	166	0	4
1322	118.571	240	166	0	4
1323	118.661	240	165	0	4
1324	118.750	240	165	0	4
1325	118.841	239	166	0	4
1326	118.931	241	165	0	4
1327	119.021	240	165	0	4
1328	119.111	239	166	0	4
1329	119.201	240	165	0	4
1330	119.291	239	166	0	4
1331	119.381	239	166	0	4
1332	119.471	239	166	0	4
1333	119.561	240	165	0	4
1334	119.651	239	165	0	4
1335	119.741	240	164	0	4
1336	119.831	240	165	0	4
1337	119.921	240	164	0	4
1338	120.012	240	165	0	4
1339	120.102	240	164	0	4
1340	120.192	240	164	0	4
1341	120.282	239	166	0	4
1342	120.373	240	166	0	4
1343	120.463	239	166	0	4
1344	120.552	240	165	0	4
1345	120.643	239	166	0	4
1346	120.733	239	166	0	4
1347	120.823	239	166	0	4
1348	120.913	239	165	0	4
1349	121.003	239	166	0	4
1350	121.094	239	166	0	4
1351	121.184	239	166	0	4
1352	121.274	240	166	0	4
1353	121.364	239	166	0	4
1354	121.455	239	166	0	4
1355	121.545	239	166	0	4
1356	121.635	239	166	0	4
1357	121.726	240	166	0	4
1358	121.816	240	166	0	4
1359	121.906	239	166	0	4
1360	121.996	239	166	0	4
1361	122.086	239	166	0	4
1362	122.177	240	166	0	4
1363	122.267	239	166	0	4
1364	122.357	240	166	0	4
1365	122.447	239	166	0	4
1366	122.538	239	166	0	4
1367	122.628	239	166	0	4
1368	122.718	239	166	0	4
1369	122.808	239	166	0	4
1370	122.899	239	166	0	4
1371	122.989	239	166	0	4
1372	123.079	240	166	0	4
1373	123.169	240	166	0	4
1374	123.259	240	167	0	4
1375	123.349	241	168	0	4
1376	123.439	242	170	0	4
1377	123.529	245	171	0	4
1378	123.620	246	173	0	4
1379	123.710	248	174	0	4
1380	123.799	247	173	0	4
1381	123.890	247	173	0	4
1382	123.980	247	173	0	4
1383	124.070	247	173	0	4
1384	124.160	246	173	0	4
1385	124.251	247	174	0	4
1386	124.341	247	174	0	4
1387	124.431	246	173	0	4
1388	124.521	247	174	0	4
1389	124.611	247	174	0	4
1390	124.701	247	174	0	4
1391	124.791	247	174	0	4
1392	124.881	247	174	0	4
1393	124.971	247	174	0	4
1394	125.062	247	174	0	4
1395	125.152	246	174	0	4
1396	125.242	247	174	0	4
1397	125.332	247	174	0	4
1398	125.422	247	174	0	4
1399	125.511	247	174	0	4
1400	125.601	247	174	0	4
1401	125.691	247	174	0	4
1402	125.781	247	174	0	4
1403	125.871	247	174	0	4
1404	125.961	247	174	0	4
1405	126.051	247	174	0	4
1406	126.141	247	174	0	4
1407	126.231	247	174	0	4
1408	126.321	247	174	0	4
1409	126.411	247	174	0	4
1410	126.501	247	174	0	4
1411	126.591	247	174	0	4
1412	126.681	247	174	0	4
1413	126.771	247	174	0	4
1414	126.861	247	174	0	4
1415	126.951	247	174	0	4
1416	127.041	247	174	0	4
1417	127.131	247	174	0	4
1418	127.221	247	174	0	4
1419	127.311	247	174	0	4
1420	127.401	247	174	0	4
1421	127.491	247	174	0	4
1422	127.581	247	174	0	4
1423	127.671	247	174	0	4
1424	127.761	247	174	0	4
1425	127.851	247	174	0	4
1426	127.941	247	174	0	4
1427	128.031	246	174	0	4
1428	128.121	247	174	0	4
1429	128.211	246	174	0	4
1430	128.301	247	174	0	4
1431	128.391	247	174	0	4
1432	128.481	247	174	0	4
1433	128.571	247	174	0	4
1434	128.661	246	174	0	4
1435	128.751	247	174	0	4
1436	128.841	247	174	0	4
1437	128.931	247	174	0	4
1438	129.021	247	174	0	4
1439	129.111	247	174	0	4
1440	129.201	247	174	0	4
1441	129.292	247	174	0	4
1442	129.382	247	174	0	4
1443	129.472	247	174	0	4
1444	129.561	247	174	0	4
1445	129.652	247	174	0	4
1446	129.742	247	174	0	4
1447	129.832	246	174	0	4
1448	129.921	246	174	0	4
1449	130.012	247	174	0	4
1450	130.102	246	174	0	4
1451	130.192	247	174	0	4
1452	130.282	247	174	0	4
1453	130.372	246	174	0	4
1454	130.462	246	174	0	4
1455	130.552	246	174	0	4
1456	130.642	246	174	0	4
1457	130.732	245	174	0	4
1458	130.823	245	174	0	4
1459	130.913	247	174	0	4
1460	131.003	245	174	0	4
1461	131.093	246	174	0	4
1462	131.184	246	174	0	4
1463	131.274	247	174	0	4
1464	131.363	247	174	0	4
1465	131.454	247	174	0	4
1466	131.544	247	174	0	4
1467	131.634	247	174	0	4
1468	131.724	247	174	0	4
1469	131.814	246	174	0	4
1470	131.905	247	174	0	4
1471	131.995	247	174	0	4
1472	132.084	247	174	0	4
1473	132.174	247	174	0	4
1474	132.265	247	174	0	4
1475	132.355	247	174	0	4
1476	132.445	247	174	0	4
1477	132.535	247	174	0	4
1478	132.626	248	174	0	4
1479	132.716	247	174	0	4
1480	132.806	248	174	0	4
1481	132.896	248	174	0	4
1482	132.987	248	174	0	4
1483	133.077	247	174	0	4
1484	133.167	247	173	0	4
1485	133.257	247	174	0	4
1486	133.347	248	174	0	4
1487	133.437	248	174	0	4
1488	133.527	249	175	0	4
1489	133.617	250	175	0	4
1490	133.708	251	176	0	4
1491	133.798	252	176	0	4
1492	133.888	253	176	0	4
1493	133.978	253	176	0	4
1494	134.068	254	177	0	4
1495	134.158	254	177	0	4
1496	134.249	254	177	0	4
1497	134.339	254	177	0	4
1498	134.429	254	177	0	4
1499	134.519	254	177	0	4
1500	134.609	254	177	0	4
1501	134.700	254	177	0	4
1502	134.790	254	177	0	4
1503	134.880	254	177	0	4
1504	134.970	254	177	0	4
1505	135.061	254	177	0	4
1506	135.151	254	177	0	4
1507	135.241	254	177	0	4
1508	135.331	254	177	0	4
1509	135.422	254	177	0	4
1510	135.512	254	177	0	4
1511	135.602	254	177	0	4
1512	135.692	255	177	0	4
1513	135.783	255	177	0	4
1514	135.873	255	177	0	4
1515	135.963	255	177	0	4
1516	136.052	255	177	0	4
1517	136.143	255	177	0	4
1518	136.233	255	177	0	4
1519	136.323	255	177	0	4
1520	136.413	255	177	0	4
1521	136.503	255	177	0	4
1522	136.593	255	177	0	4
1523	136.683	255	177	0	4
1524	136.772	255	177	0	4
1525	136.863	255	177	0	4
1526	136.953	255	177	0	4
1527	137.043	255	177	0	4
1528	137.133	255	177	0	4
1529	137.223	255	177	0	4
1530	137.313	255	177	0	4
1531	137.403	255	177	0	4
1532	137.493	255	177	0	4
1533	137.583	255	177	0	4
1534	137.674	255	177	0	4
1535	137.764	255	177	0	4
1536	137.854	255	177	0	4
1537	137.945	255	177	0	4
1538	138.035	255	176	0	4
1539	138.125	255	177	0	4
1540	138.215	255	176	0	4
1541	138.305	255	177	0	4
1542	138.395	255	175	0	4
1543	138.485	254	174	0	4
1544	138.575	255	172	0	4
1545	138.666	257	168	0	4
1546	138.755	259	160	0	4
1547	138.845	259	155	0	4
1548	138.935	260	150	0	4
1549	139.025	261	143	0	4
1550	139.115	263	131	0	4
1551	139.205	265	124	0	4
1552	139.295	267	117	0	4
1553	139.385	269	111	0	4
1554	139.475	271	101	0	4
1555	139.565	272	94	0	4
1556	139.655	273	87	0	4
1557	139.746	274	80	0	4
1558	139.836	275	69	0	4
1559	139.926	276	62	0	4
1560	140.016	277	55	0	4
1561	140.106	277	50	0	4
1562	140.196	276	51	0	4
1563	140.286	276	54	0	4
1564	140.376	276	54	0	4
1565	140.466	276	57	0	4
1566	140.556	274	58	0	4
1567	140.646	270	58	0	4
1568	140.736	268	58	0	4
1569	140.826	266	58	0	4
1570	140.916	258	57	0	4
1571	141.007	253	57	0	4
1572	141.097	246	57	0	4
1573	141.187	243	58	0	4
1574	141.277	235	62	0	4
1575	141.367	229	64	0	4
1576	141.457	222	66	0	4
1577	141.547	216	69	0	4
1578	141.637	208	72	0	4
1579	141.728	204	75	0	4
1580	141.817	200	78	0	4
1581	141.908	194	81	0	4
1582	141.998	189	85	0	4
1583	142.088	184	88	0	4
1584	142.178	180	91	0	4
1585	142.268	176	95	0	4
1586	142.358	170	100	0	4
1587	142.448	166	104	0	4
1588	142.538	163	108	0	4
1589	142.628	160	111	0	4
1590	142.718	156	115	0	4
1591	142.808	153	119	0	4
1592	142.898	149	122	0	4
1593	142.989	144	128	0	4
1594	143.079	138	133	0	4
1595	143.169	135	138	0	4
1596	143.259	132	142	0	4
1597	143.349	131	146	0	4
1598	143.439	127	153	0	4
1599	143.529	125	157	0	4
1600	143.618	124	161	0	4
1601	143.709	123	166	0	4
1602	143.799	121	170	0	4
1603	143.889	120	175	0	4
1604	143.979	119	180	0	4
1605	144.069	118	184	0	4
1606	144.159	115	191	0	4
1607	144.249	114	195	0	4
1608	144.339	113	199	0	4
1609	144.429	110	205	0	4
1610	144.519	107	214	0	4
1611	144.609	106	220	0	4
1612	144.699	106	224	0	4
1613	144.789	106	230	0	4
1614	144.879	106	237	0	4
1615	144.970	106	241	0	4
1616	145.060	106	248	0	4
1617	145.150	105	254	0	4
1618	145.240	106	263	0	4
1619	145.330	107	267	0	4
1620	145.420	107	272	0	4
1621	145.510	109	277	0	4
1622	145.600	112	283	0	4
1623	145.690	113	289	0	4
1624	145.780	114	294	0	4
1625	145.870	115	298	0	4
1626	145.960	117	308	0	4
1627	146.050	119	314	0	4
1628	146.140	122	316	0	4
1629	146.230	123	318	0	4
1630	146.320	126	324	0	4
1631	146.410	129	328	0	4
1632	146.500	132	333	0	4
1633	146.591	135	337	0	4
1634	146.681	136	340	0	4
1635	146.771	136	340	0	4
1636	146.861	136	340	0	4
1637	146.952	137	340	0	4
1638	147.042	137	340	0	4
1639	147.132	138	342	0	4
1640	147.222	140	345	0	4
1641	147.313	143	349	0	4
1642	147.402	147	357	0	4
1643	147.492	150	362	0	4
1644	147.582	152	364	0	4
1645	147.673	154	363	0	4
1646	147.764	157	363	0	4
1647	147.854	160	365	0	4
1648	147.944	164	367	0	4
1649	148.034	167	370	0	4
1650	148.124	173	374	0	4
1651	148.214	173	375	0	4
1652	148.304	173	375	0	4
1653	148.395	173	375	0	4
1654	148.485	173	375	0	4
1655	148.575	173	375	0	4
1656	148.665	174	373	0	4
1657	148.755	174	371	0	4
1658	148.845	177	366	0	4
1659	148.935	182	361	0	4
1660	149.025	187	357	0	4
1661	149.116	191	353	0	4
1662	149.206	198	346	0	4
1663	149.296	203	343	0	4
1664	149.386	206	340	0	4
1665	149.477	210	336	0	4
1666	149.568	216	330	0	4
1667	149.658	220	328	0	4
1668	149.748	222	326	0	4
1669	149.838	224	323	0	4
1670	149.929	229	320	0	4
1671	150.019	230	319	0	4
1672	150.109	229	319	0	4
1673	150.200	229	318	0	4
1674	150.289	229	318	0	4
1675	150.380	229	319	0	4
1676	150.470	229	319	0	4
1677	150.560	229	319	0	4
1678	150.650	229	319	0	4
1679	150.740	229	318	0	4
1680	150.830	229	318	0	4
1681	150.921	229	318	0	4
1682	151.011	229	318	0	4
1683	151.101	230	318	0	4
1684	151.191	230	318	0	4
1685	151.282	230	318	0	4
1686	151.371	230	318	0	4
1687	151.461	230	318	0	4
1688	151.551	230	318	0	4
1689	151.642	230	318	0	4
1690	151.732	230	318	0	4
1691	151.822	230	318	0	4
1692	151.912	230	318	0	4
1693	152.002	230	318	0	4
1694	152.092	230	318	0	4
1695	152.182	230	318	0	4
1696	152.272	230	318	0	4
1697	152.362	230	317	0	4
1698	152.452	230	317	0	4
1699	152.542	230	317	0	4
1700	152.632	230	317	0	4
1701	152.722	230	317	0	4
1702	152.812	230	317	0	4
1703	152.902	230	317	0	4
1704	152.992	230	317	0	4
1705	153.082	231	316	0	4
1706	153.172	234	315	0	4
1707	153.262	237	314	0	4
1708	153.352	239	313	0	4
1709	153.442	242	312	0	4
1710	153.532	245	311	0	4
1711	153.622	245	311	0	4
1712	153.712	245	311	0	4
1713	153.802	245	311	0	4
1714	153.892	245	311	0	4
1715	153.982	245	310	0	4
1716	154.072	245	310	0	4
1717	154.162	245	310	0	4
1718	154.252	245	310	0	4
1719	154.342	245	310	0	4
1720	154.432	245	310	0	4
1721	154.522	245	310	0	4
1722	154.612	245	310	0	4
1723	154.702	245	310	0	4
1724	154.792	245	310	0	4
1725	154.882	245	310	0	4
1726	154.972	245	310	0	4
1727	155.062	245	310	0	4
1728	155.152	245	310	0	4
1729	155.242	245	310	0	4
1730	155.331	245	310	0	4
1731	155.422	245	310	0	4
1732	155.512	245	310	0	4
1733	155.602	245	310	0	4
1734	155.692	245	310	0	4
1735	155.782	245	310	0	4
1736	155.872	245	310	0	4
1737	155.962	245	310	0	4
1738	156.052	245	310	0	4
1739	156.142	245	310	0	4
1740	156.232	245	310	0	4
1741	156.322	245	310	0	4
1742	156.413	245	310	0	4
1743	156.503	245	310	0	4
1744	156.593	245	310	0	4
1745	156.683	245	310	0	4
1746	156.773	245	310	0	4
1747	156.863	245	310	0	4
1748	156.953	245	310	0	4
1749	157.043	245	310	0	4
1750	157.133	245	310	0	4
1751	157.223	245	310	0	4
1752	157.313	245	310	0	4
1753	157.403	245	310	0	4
1754	157.493	245	310	0	4
1755	157.583	245	310	0	4
1756	157.673	245	310	0	4
1757	157.763	245	310	0	4
1758	157.853	245	310	0	4
1759	157.943	245	310	0	4
1760	158.033	245	310	0	4
1761	158.123	245	310	0	4
1762	158.213	245	310	0	4
1763	158.303	245	310	0	4
1764	158.393	245	310	0	4
1765	158.483	245	310	0	4
1766	158.573	245	310	0	4
1767	158.663	245	310	0	4
1768	158.753	245	310	0	4
1769	158.843	245	310	0	4
1770	158.933	245	310	0	4
1771	159.023	245	310	0	4
1772	159.113	245	310	0	4
1773	159.203	245	310	0	4
1774	159.293	245	310	0	4
1775	159.383	245	310	0	4
1776	159.473	245	310	0	4
1777	159.563	245	310	0	4
1778	159.653	245	310	0	4
1779	159.743	245	310	0	4
1780	159.833	245	310	0	4
1781	159.923	245	310	0	4
1782	160.013	245	311	0	4
1783	160.103	246	312	0	4
1784	160.193	248	314	0	4
1785	160.283	251	317	0	4
1786	160.373	253	320	0	4
1787	160.463	253	319	0	4
1788	160.553	254	320	0	4
1789	160.643	255	320	0	4
1790	160.733	255	318	0	4
1791	160.823	257	318	0	4
1792	160.913	261	318	0	4
1793	161.003	264	317	0	4
1794	161.093	271	316	0	4
1795	161.183	276	315	0	4
1796	161.273	282	315	0	4
1797	161.363	288	315	0	4
1798	161.453	297	315	0	4
1799	161.543	302	315	0	4
1800	161.634	308	315	0	4
1801	161.724	313	316	0	4
1802	161.814	319	318	0	4
1803	161.904	323	319	0	4
1804	161.994	329	320	0	4
1805	162.084	334	320	0	4
1806	162.174	343	321	0	4
1807	162.264	348	322	0	4
1808	162.354	355	323	0	4
1809	162.444	360	325	0	4
1810	162.534	367	330	0	4
1811	162.624	372	333	0	4
1812	162.713	377	337	0	4
1813	162.804	382	339	0	4
1814	162.894	388	342	0	4
1815	162.984	392	344	0	4
1816	163.074	396	346	0	4
1817	163.164	402	349	0	4
1818	163.254	408	351	0	4
1819	163.344	409	351	0	4
1820	163.434	409	351	0	4
1821	163.525	410	351	0	4
1822	163.615	410	350	0	4
1823	163.706	410	350	0	4
1824	163.796	410	350	0	4
1825	163.886	410	350	0	4
1826	163.976	410	349	0	4
1827	164.066	412	347	0	4
1828	164.156	416	345	0	4
1829	164.247	421	343	0	4
1830	164.336	430	339	0	4
1831	164.426	436	336	0	4
1832	164.517	442	333	0	4
1833	164.607	449	330	0	4
1834	164.697	459	324	0	4
1835	164.787	466	321	0	4
1836	164.877	472	318	0	4
1837	164.968	470	313	0	4
1838	165.057	470	309	0	4
1839	165.147	470	307	0	4
1840	165.237	470	306	0	4
1841	165.328	470	305	0	4
1842	165.418	471	304	0	4
1843	165.508	472	301	0	4
1844	165.598	475	297	0	4
1845	165.688	478	291	0	4
1846	165.778	479	286	0	4
1847	165.868	479	285	0	4
1848	165.958	478	283	0	4
1849	166.049	478	283	0	4
1850	166.139	478	283	0	4
1851	166.229	478	283	0	4
1852	166.319	478	282	0	4
1853	166.410	478	281	0	4
1854	166.500	478	278	0	4
1855	166.590	478	278	0	4
1856	166.680	479	278	0	4
1857	166.771	479	275	0	4
1858	166.861	482	269	0	4
1859	166.951	483	266	0	4
1860	167.041	483	264	0	4
1861	167.132	482	263	0	4
1862	167.221	482	263	0	4
1863	167.312	482	263	0	4
1864	167.402	482	263	0	4
1865	167.493	482	263	0	4
1866	167.583	482	263	0	4
1867	167.673	482	263	0	4
1868	167.763	482	263	0	4
1869	167.854	482	263	0	4
1870	167.943	482	263	0	4
1871	168.034	482	263	0	4
1872	168.124	482	263	0	4
1873	168.214	482	263	0	4
1874	168.304	482	263	0	4
1875	168.394	482	263	0	4
1876	168.484	482	263	0	4
1877	168.575	481	264	0	4
1878	168.665	480	264	0	4
1879	168.754	478	264	0	4
1880	168.844	475	263	0	4
1881	168.935	474	263	0	4
1882	169.024	471	261	0	4
1883	169.114	469	259	0	4
1884	169.204	468	259	0	4
1885	169.294	465	256	0	4
1886	169.384	461	252	0	4
1887	169.474	459	249	0	4
1888	169.564	456	245	0	4
1889	169.654	454	241	0	4
1890	169.744	451	232	0	4
1891	169.834	449	225	0	4
1892	169.924	446	219	0	4
1893	170.014	444	214	0	4
1894	170.104	440	205	0	4
1895	170.194	437	201	0	4
1896	170.284	435	195	0	4
1897	170.374	432	189	0	4
1898	170.465	429	179	0	4
1899	170.555	428	173	0	4
1900	170.644	426	168	0	4
1901	170.734	425	163	0	4
1902	170.824	421	156	0	4
1903	170.914	419	151	0	4
1904	171.004	416	145	0	4
1905	171.094	413	139	0	4
1906	171.184	410	129	0	4
1907	171.274	407	121	0	4
1908	171.364	405	115	0	4
1909	171.454	403	107	0	4
1910	171.544	400	98	0	4
1911	171.634	397	91	0	4
1912	171.724	394	87	0	4
1913	171.814	392	83	0	4
1914	171.904	387	76	0	4
1915	171.994	383	75	0	4
1916	172.084	379	71	0	4
1917	172.174	375	69	0	4
1918	172.263	369	69	0	4
1919	172.353	365	69	0	4
1920	172.444	363	68	0	4
1921	172.534	361	67	0	4
1922	172.624	361	67	0	4
1923	172.714	361	67	0	4
1924	172.804	361	67	0	4
1925	172.894	361	67	0	4
1926	172.984	362	68	0	4
1927	173.074	363	67	0	4
1928	173.164	365	67	0	4
1929	173.254	366	67	0	4
1930	173.344	368	68	0	4
1931	173.433	369	70	0	4
1932	173.523	369	72	0	4
1933	173.613	371	72	0	4
1934	173.703	376	73	0	4
1935	173.793	380	75	0	4
1936	173.883	386	77	0	4
1937	173.973	391	80	0	4
1938	174.063	397	84	0	4
1939	174.153	401	88	0	4
1940	174.243	403	90	0	4
1941	174.333	405	92	0	4
1942	174.423	407	94	0	4
1943	174.513	410	96	0	4
1944	174.603	412	98	0	4
1945	174.693	412	98	0	4
1946	174.783	412	98	0	4
1947	174.873	412	98	0	4
1948	174.963	412	98	0	4
1949	175.054	412	98	0	4
1950	175.143	412	98	0	4
1951	175.234	412	98	0	4
1952	175.324	412	98	0	4
1953	175.414	412	98	0	4
1954	175.504	412	98	0	4
1955	175.594	412	98	0	4
1956	175.684	412	98	0	4
1957	175.774	412	98	0	4
1958	175.864	412	98	0	4
1959	175.954	412	98	0	4
1960	176.044	412	98	0	4
1961	176.135	412	98	0	4
1962	176.224	412	98	0	4
1963	176.315	412	98	0	4
1964	176.405	412	98	0	4
1965	176.495	412	98	0	4
1966	176.584	412	98	0	4
1967	176.674	412	98	0	4
1968	176.764	412	98	0	4
1969	176.855	412	98	0	4
1970	176.944	412	98	0	4
1971	177.034	412	98	0	4
1972	177.124	412	98	0	4
1973	177.215	412	98	0	4
1974	177.304	412	98	0	4
1975	177.394	412	98	0	4
1976	177.484	412	98	0	4
1977	177.575	412	98	0	4
1978	177.665	412	98	0	4
1979	177.755	412	98	0	4
1980	177.845	412	98	0	4
1981	177.935	412	98	0	4
1982	178.025	412	98	0	4
1983	178.115	412	98	0	4
1984	178.205	412	98	0	4
1985	178.296	412	98	0	4
1986	178.386	412	98	0	4
1987	178.475	412	98	0	4
1988	178.565	412	98	0	4
1989	178.656	412	98	0	4
1990	178.746	412	98	0	4
1991	178.836	412	98	0	4
1992	178.926	412	98	0	4
1993	179.016	412	98	0	4
1994	179.106	412	98	0	4
1995	179.196	412	98	0	4
1996	179.286	412	98	0	4
1997	179.377	412	98	0	4
1998	179.467	412	98	0	4
1999	179.557	412	98	0	4
2000	179.646	412	98	0	4
2001	179.737	412	98	0	4
2002	179.827	412	98	0	4
2003	179.917	412	98	0	4
2004	180.007	412	98	0	4
2005	180.097	412	98	0	4
2006	180.187	412	98	0	4
2007	180.277	412	98	0	4
2008	180.367	412	98	0	4
2009	180.458	412	98	0	4
2010	180.548	412	98	0	4
2011	180.638	412	98	0	4
2012	180.728	412	98	0	4
2013	180.819	412	98	0	4
2014	180.909	412	98	0	4
2015	180.999	412	98	0	4
2016	181.089	412	98	0	4
2017	181.179	412	98	0	4
2018	181.269	412	98	0	4
2019	181.359	412	98	0	4
2020	181.449	412	100	0	4
2021	181.540	413	103	0	4
2022	181.630	413	110	0	4
2023	181.719	413	114	0	4
2024	181.809	412	118	0	4
2025	181.900	412	122	0	4
2026	181.990	411	126	0	4
2027	182.080	410	129	0	4
2028	182.170	410	131	0	4
2029	182.261	409	134	0	4
2030	182.351	407	139	0	4
2031	182.441	405	143	0	4
2032	182.531	403	148	0	4
2033	182.622	402	152	0	4
2034	182.712	401	156	0	4
2035	182.802	399	158	0	4
2036	182.892	399	159	0	4
2037	182.983	399	160	0	4
2038	183.073	398	160	0	4
2039	183.163	398	160	0	4
2040	183.253	398	160	0	4
2041	183.344	398	160	0	4
2042	183.434	398	161	0	4
2043	183.524	398	161	0	4
2044	183.613	397	161	0	4
2045	183.704	397	161	0	4
2046	183.794	397	161	0	4
2047	183.884	397	161	0	4
2048	183.974	397	161	0	4
2049	184.064	397	161	0	4
2050	184.154	397	161	0	4
2051	184.244	397	161	0	4
2052	184.334	397	161	0	4
2053	184.424	397	161	0	4
2054	184.514	397	161	0	4
2055	184.604	397	161	0	4
2056	184.694	397	161	0	4
2057	184.784	397	161	0	4
2058	184.874	397	161	0	4
2059	184.964	397	161	0	4
2060	185.054	397	161	0	4
2061	185.144	397	161	0	4
2062	185.234	397	162	0	4
2063	185.324	397	161	0	4
2064	185.414	397	162	0	4
2065	185.504	397	162	0	4
2066	185.594	397	164	0	4
2067	185.684	396	164	0	4
2068	185.774	396	165	0	4
2069	185.864	396	165	0	4
2070	185.954	396	166	0	4
2071	186.044	396	166	0	4
2072	186.134	396	166	0	4
2073	186.224	396	167	0	4
2074	186.314	396	168	0	4
2075	186.404	396	167	0	4
2076	186.494	396	168	0	4
2077	186.585	396	168	0	4
2078	186.674	396	168	0	4
2079	186.764	396	168	0	4
2080	186.854	396	168	0	4
2081	186.944	396	168	0	4
2082	187.035	396	168	0	4
2083	187.125	396	168	0	4
2084	187.214	396	167	0	4
2085	187.305	397	167	0	4
2086	187.395	396	168	0	4
2087	187.485	396	167	0	4
2088	187.575	396	167	0	4
2089	187.665	397	168	0	4
2090	187.755	397	167	0	4
2091	187.845	396	168	0	4
2092	187.934	396	168	0	4
2093	188.025	396	168	0	4
2094	188.114	397	167	0	4
2095	188.204	396	168	0	4
2096	188.294	397	167	0	4
2097	188.384	396	167	0	4
2098	188.474	396	167	0	4
2099	188.565	396	167	0	4
2100	188.655	396	167	0	4
2101	188.744	396	167	0	4
2102	188.834	396	167	0	4
2103	188.924	396	167	0	4
2104	189.014	396	167	0	4
2105	189.105	396	167	0	4
2106	189.195	396	167	0	4
2107	189.285	396	167	0	4
2108	189.375	396	168	0	4
2109	189.465	395	168	0	4
2110	189.555	395	169	0	4
2111	189.645	394	170	0	4
2112	189.735	393	171	0	4
2113	189.825	393	171	0	4
2114	189.915	393	172	0	4
2115	190.005	393	172	0	4
2116	190.096	393	172	0	4
2117	190.186	393	172	0	4
2118	190.275	393	172	0	4
2119	190.365	393	172	0	4
2120	190.455	393	172	0	4
2121	190.545	393	172	0	4
2122	190.635	393	172	0	4
2123	190.726	393	172	0	4
2124	190.815	393	172	0	4
2125	190.906	393	172	0	4
2126	190.996	393	172	0	4
2127	191.086	393	172	0	4
2128	191.176	393	172	0	4
2129	191.266	393	172	0	4
2130	191.356	393	172	0	4
2131	191.446	393	172	0	4
2132	191.536	393	172	0	4
2133	191.626	393	172	0	4
2134	191.716	393	172	0	4
2135	191.806	393	172	0	4
2136	191.896	393	172	0	4
2137	191.986	393	172	0	4
2138	192.076	392	173	0	4
2139	192.166	392	174	0	4
2140	192.256	391	175	0	4
2141	192.346	391	176	0	4
2142	192.436	391	178	0	4
2143	192.526	390	178	0	4
2144	192.616	390	178	0	4
2145	192.706	390	178	0	4
2146	192.796	390	178	0	4
2147	192.886	390	178	0	4
2148	192.976	390	178	0	4
2149	193.066	390	178	0	4
2150	193.157	390	178	0	4
2151	193.247	390	178	0	4
2152	193.337	390	179	0	4
2153	193.427	390	179	0	4
2154	193.517	390	179	0	4
2155	193.607	390	179	0	4
2156	193.697	390	179	0	4
2157	193.787	389	179	0	4
2158	193.877	389	180	0	4
2159	193.967	389	180	0	4
2160	194.057	388	183	0	4
2161	194.148	387	186	0	4
2162	194.238	383	193	0	4
2163	194.327	381	197	0	4
2164	194.417	379	201	0	4
2165	194.508	376	205	0	4
2166	194.598	373	211	0	4
2167	194.688	372	216	0	4
2168	194.778	371	221	0	4
2169	194.868	369	227	0	4
2170	194.958	366	236	0	4
2171	195.048	363	242	0	4
2172	195.138	360	248	0	4
2173	195.229	358	253	0	4
2174	195.319	354	261	0	4
2175	195.409	351	267	0	4
2176	195.499	348	273	0	4
2177	195.589	345	279	0	4
2178	195.679	343	285	0	4
2179	195.769	342	288	0	4
2180	195.859	341	293	0	4
2181	195.950	340	297	0	4
2182	196.039	342	305	0	4
2183	196.129	343	310	0	4
2184	196.219	344	316	0	4
2185	196.309	344	321	0	4
2186	196.399	345	328	0	4
2187	196.489	344	332	0	4
2188	196.579	344	338	0	4
2189	196.669	344	342	0	4
2190	196.759	344	342	0	4
2191	196.849	344	342	0	4
2192	196.939	344	342	0	4
2193	197.030	343	340	0	4
2194	197.120	339	342	0	4
2195	197.210	334	344	0	4
2196	197.300	329	346	0	4
2197	197.390	323	348	0	4
2198	197.480	313	352	0	4
2199	197.570	307	353	0	4
2200	197.661	300	354	0	4
2201	197.751	295	355	0	4
2202	197.841	284	355	0	4
2203	197.931	277	355	0	4
2204	198.021	271	355	0	4
2205	198.111	265	355	0	4
2206	198.201	256	355	0	4
2207	198.291	251	356	0	4
2208	198.381	246	357	0	4
2209	198.471	241	357	0	4
2210	198.561	231	356	0	4
2211	198.651	226	356	0	4
2212	198.741	221	355	0	4
2213	198.831	216	355	0	4
2214	198.921	206	355	0	4
2215	199.011	199	354	0	4
2216	199.101	192	353	0	4
2217	199.191	185	353	0	4
2218	199.281	174	352	0	4
2219	199.371	167	351	0	4
2220	199.461	161	349	0	4
2221	199.552	155	347	0	4
2222	199.642	148	344	0	4
2223	199.732	142	341	0	4
2224	199.822	137	337	0	4
2225	199.912	132	334	0	4
2226	200.002	130	333	0	4
2227	200.092	130	333	0	4
2228	200.182	130	332	0	4
2229	200.272	130	332	0	4
2230	200.363	132	333	0	4
2231	200.453	134	334	0	4
2232	200.543	135	334	0	4
2233	200.633	137	335	0	4
2234	200.723	140	338	0	4
2235	200.813	142	342	0	4
2236	200.903	144	346	0	4
2237	200.994	147	351	0	4
2238	201.083	152	359	0	4
2239	201.173	155	363	0	4
2240	201.264	158	367	0	4
2241	201.354	160	370	0	4
2242	201.444	162	371	0	4
2243	201.534	163	371	0	4
2244	201.624	166	372	0	4
2245	201.714	170	374	0	4
2246	201.804	176	376	0	4
2247	201.894	176	376	0	4
2248	201.985	176	376	0	4
2249	202.075	176	376	0	4
2250	202.165	176	376	0	4
2251	202.255	177	376	0	4
2252	202.345	176	376	0	4
2253	202.435	176	376	0	4
2254	202.525	178	373	0	4
2255	202.615	181	369	0	4
2256	202.705	185	365	0	4
2257	202.795	189	361	0	4
2258	202.885	195	356	0	4
2259	202.975	198	352	0	4
2260	203.065	201	348	0	4
2261	203.155	204	344	0	4
2262	203.245	208	339	0	4
2263	203.335	209	338	0	4
2264	203.425	209	336	0	4
2265	203.516	211	333	0	4
2266	203.605	215	328	0	4
2267	203.695	217	326	0	4
2268	203.785	218	324	0	4
2269	203.876	220	323	0	4
2270	203.966	223	320	0	4
2271	204.056	224	319	0	4
2272	204.146	224	318	0	4
2273	204.236	224	318	0	4
2274	204.326	224	318	0	4
2275	204.416	224	318	0	4
2276	204.507	224	318	0	4
2277	204.597	224	318	0	4
2278	204.687	224	318	0	4
2279	204.777	224	318	0	4
2280	204.867	224	318	0	4
2281	204.957	224	318	0	4
2282	205.047	224	318	0	4
2283	205.137	224	318	0	4
2284	205.227	224	318	0	4
2285	205.317	224	318	0	4
2286	205.407	224	318	0	4
2287	205.497	225	319	0	4
2288	205.587	225	320	0	4
2289	205.677	227	320	0	4
2290	205.767	229	320	0	4
2291	205.857	232	320	0	4
2292	205.947	235	319	0	4
2293	206.037	237	319	0	4
2294	206.127	237	319	0	4
2295	206.217	237	319	0	4
2296	206.307	238	319	0	4
2297	206.398	239	318	0	4
2298	206.487	239	318	0	4
2299	206.577	239	318	0	4
2300	206.667	239	319	0	4
2301	206.758	239	318	0	4
2302	206.847	239	318	0	4
2303	206.937	239	318	0	4
2304	207.027	240	318	0	4
2305	207.118	240	318	0	4
2306	207.208	240	318	0	4
2307	207.298	240	318	0	4
2308	207.388	240	318	0	4
2309	207.478	240	319	0	4
2310	207.568	240	319	0	4
2311	207.658	240	319	0	4
2312	207.748	240	319	0	4
2313	207.839	240	319	0	4
2314	207.929	240	319	0	4
2315	208.018	240	318	0	4
2316	208.108	240	319	0	4
2317	208.199	240	319	0	4
2318	208.289	240	319	0	4
2319	208.379	241	318	0	4
2320	208.469	243	318	0	4
2321	208.560	247	317	0	4
2322	208.650	255	315	0	4
2323	208.740	260	314	0	4
2324	208.830	265	313	0	4
2325	208.920	272	312	0	4
2326	209.010	281	311	0	4
2327	209.100	287	310	0	4
2328	209.190	291	310	0	4
2329	209.280	293	310	0	4
2330	209.370	297	310	0	4
2331	209.461	298	309	0	4
2332	209.551	299	309	0	4
2333	209.641	299	309	0	4
2334	209.731	299	308	0	4
2335	209.821	299	309	0	4
2336	209.911	300	308	0	4
2337	210.002	300	309	0	4
2338	210.092	301	308	0	4
2339	210.182	300	309	0	4
2340	210.272	300	309	0	4
2341	210.362	300	309	0	4
2342	210.452	302	308	0	4
2343	210.542	301	308	0	4
2344	210.632	302	308	0	4
2345	210.722	301	308	0	4
2346	210.812	301	308	0	4
2347	210.902	302	308	0	4
2348	210.992	301	308	0	4
2349	211.082	302	308	0	4
2350	211.172	302	308	0	4
2351	211.262	301	308	0	4
2352	211.352	302	308	0	4
2353	211.442	302	308	0	4
2354	211.532	302	308	0	4
2355	211.622	302	308	0	4
2356	211.712	302	308	0	4
2357	211.802	302	308	0	4
2358	211.892	300	308	0	4
2359	211.982	300	308	0	4
2360	212.072	300	308	0	4
2361	212.162	300	308	0	4
2362	212.253	300	308	0	4
2363	212.343	300	308	0	4
2364	212.433	300	308	0	4
2365	212.524	300	308	0	4
2366	212.614	300	308	0	4
2367	212.704	300	308	0	4
2368	212.793	300	308	0	4
2369	212.884	300	308	0	4
2370	212.974	301	308	0	4
2371	213.064	301	308	0	4
2372	213.154	300	308	0	4
2373	213.244	300	308	0	4
2374	213.334	300	308	0	4
2375	213.424	300	308	0	4
2376	213.514	301	308	0	4
2377	213.605	301	308	0	4
2378	213.695	301	308	0	4
2379	213.785	301	308	0	4
2380	213.875	300	308	0	4
2381	213.965	300	308	0	4
2382	214.055	300	308	0	4
2383	214.145	300	308	0	4
2384	214.235	300	308	0	4
2385	214.326	300	308	0	4
2386	214.416	300	308	0	4
2387	214.506	300	308	0	4
2388	214.596	300	308	0	4
2389	214.687	300	308	0	4
2390	214.777	300	308	0	4
2391	214.867	301	308	0	4
2392	214.957	301	308	0	4
2393	215.047	301	308	0	4
2394	215.137	301	308	0	4
2395	215.227	300	308	0	4
2396	215.317	300	308	0	4
2397	215.408	300	308	0	4
2398	215.498	300	308	0	4
2399	215.588	300	308	0	4
2400	215.678	300	308	0	4
2401	215.768	301	308	0	4
2402	215.858	301	308	0	4
2403	215.948	300	308	0	4
2404	216.038	301	308	0	4
2405	216.129	301	308	0	4
2406	216.219	302	308	0	4
2407	216.309	301	308	0	4
2408	216.399	302	308	0	4
2409	216.489	302	308	0	4
2410	216.579	302	308	0	4
2411	216.669	302	308	0	4
2412	216.759	303	308	0	4
2413	216.849	303	308	0	4
2414	216.939	303	308	0	4
2415	217.029	303	308	0	4
2416	217.119	303	308	0	4
2417	217.209	303	308	0	4
2418	217.299	303	308	0	4
2419	217.389	302	308	0	4
2420	217.479	303	308	0	4
2421	217.569	303	308	0	4
2422	217.659	302	308	0	4
2423	217.749	302	308	0	4
2424	217.839	303	308	0	4
2425	217.929	302	308	0	4
2426	218.018	302	308	0	4
2427	218.108	303	308	0	4
2428	218.198	303	308	0	4
2429	218.289	303	308	0	4
2430	218.379	303	308	0	4
2431	218.469	303	308	0	4
2432	218.559	303	308	0	4
2433	218.649	303	308	0	4
2434	218.739	303	308	0	4
2435	218.829	303	308	0	4
2436	218.919	303	308	0	4
2437	219.009	303	308	0	4
2438	219.099	303	308	0	4
2439	219.189	302	308	0	4
2440	219.279	302	308	0	4
2441	219.369	302	308	0	4
2442	219.459	302	308	0	4
2443	219.549	302	308	0	4
2444	219.639	302	308	0	4
2445	219.729	302	308	0	4
2446	219.820	302	308	0	4
2447	219.910	302	308	0	4
2448	220.000	302	308	0	4
2449	220.090	302	308	0	4
2450	220.179	303	308	0	4
2451	220.269	303	308	0	4
2452	220.359	303	308	0	4
2453	220.449	303	308	0	4
2454	220.539	303	308	0	4
2455	220.629	303	308	0	4
2456	220.719	303	308	0	4
2457	220.809	303	308	0	4
2458	220.899	303	308	0	4
2459	220.989	303	308	0	4
2460	221.079	303	308	0	4
2461	221.169	303	308	0	4
2462	221.259	303	308	0	4
2463	221.349	303	308	0	4
2464	221.439	303	308	0	4
2465	221.529	303	308	0	4
2466	221.619	303	308	0	4
2467	221.710	303	308	0	4
2468	221.799	303	308	0	4
2469	221.890	303	308	0	4
2470	221.980	303	308	0	4
2471	222.070	302	308	0	4
2472	222.160	302	308	0	4
2473	222.250	301	308	0	4
2474	222.340	302	308	0	4
2475	222.431	302	308	0	4
2476	222.521	303	308	0	4
2477	222.611	302	308	0	4
2478	222.701	301	309	0	4
2479	222.790	302	308	0	4
2480	222.880	302	308	0	4
2481	222.971	302	308	0	4
2482	223.060	302	308	0	4
2483	223.150	302	308	0	4
2484	223.240	302	308	0	4
2485	223.331	302	308	0	4
2486	223.421	302	308	0	4
2487	223.511	301	309	0	4
2488	223.600	301	308	0	4
2489	223.691	301	308	0	4
2490	223.781	301	308	0	4
2491	223.870	301	308	0	4
2492	223.960	301	308	0	4
2493	224.051	301	308	0	4
2494	224.141	301	308	0	4
2495	224.231	301	308	0	4
2496	224.320	301	308	0	4
2497	224.411	301	308	0	4
2498	224.501	301	308	0	4
2499	224.591	301	308	0	4
2500	224.680	301	308	0	4
2501	224.771	301	308	0	4
2502	224.860	301	308	0	4
2503	224.950	300	308	0	4
2504	225.041	300	308	0	4
2505	225.131	300	308	0	4
2506	225.221	300	308	0	4
2507	225.311	300	308	0	4
2508	225.401	300	308	0	4
2509	225.491	300	308	0	4
2510	225.581	300	308	0	4
2511	225.671	300	308	0	4
2512	225.761	300	308	0	4
2513	225.852	300	308	0	4
2514	225.942	300	308	0	4
2515	226.032	300	308	0	4
2516	226.122	300	308	0	4
2517	226.213	300	308	0	4
2518	226.303	300	308	0	4
2519	226.393	300	308	0	4
2520	226.483	300	308	0	4
2521	226.573	300	308	0	4
2522	226.663	300	308	0	4
2523	226.753	300	308	0	4
2524	226.843	300	308	0	4
2525	226.934	300	308	0	4
2526	227.024	300	308	0	4
2527	227.114	300	308	0	4
2528	227.204	300	308	0	4
2529	227.294	300	308	0	4
2530	227.384	301	308	0	4
2531	227.474	300	308	0	4
2532	227.564	300	308	0	4
2533	227.655	300	308	0	4
2534	227.745	300	308	0	4
2535	227.835	300	308	0	4
2536	227.925	300	308	0	4
2537	228.016	300	308	0	4
2538	228.106	300	308	0	4
2539	228.197	300	308	0	4
2540	228.287	300	308	0	4
2541	228.377	300	308	0	4
2542	228.467	300	308	0	4
2543	228.557	300	308	0	4
2544	228.647	301	308	0	4
2545	228.738	301	308	0	4
2546	228.828	302	308	0	4
2547	228.918	302	307	0	4
2548	229.008	302	307	0	4
2549	229.099	302	307	0	4
2550	229.189	302	307	0	4
2551	229.279	302	307	0	4
2552	229.369	302	307	0	4
2553	229.460	302	307	0	4
2554	229.550	302	307	0	4
2555	229.640	302	307	0	4
2556	229.730	302	307	0	4
2557	229.820	302	307	0	4
2558	229.910	302	307	0	4
2559	230.000	302	307	0	4
2560	230.090	301	306	0	4
2561	230.181	302	306	0	4
2562	230.271	303	303	0	4
2563	230.361	304	302	0	4
2564	230.451	307	299	0	4
2565	230.542	310	296	0	4
2566	230.632	317	291	0	4
2567	230.722	322	287	0	4
2568	230.812	328	282	0	4
2569	230.902	335	278	0	4
2570	230.992	342	273	0	4
2571	231.083	348	271	0	4
2572	231.172	354	269	0	4
2573	231.263	360	266	0	4
2574	231.353	369	263	0	4
2575	231.443	376	259	0	4
2576	231.533	384	257	0	4
2577	231.624	389	255	0	4
2578	231.714	393	252	0	4
2579	231.805	395	251	0	4
2580	231.895	400	247	0	4
2581	231.985	403	242	0	4
2582	232.075	408	235	0	4
2583	232.165	411	228	0	4
2584	232.255	416	222	0	4
2585	232.346	421	214	0	4
2586	232.436	430	202	0	4
2587	232.526	435	196	0	4
2588	232.616	442	190	0	4
2589	232.707	447	185	0	4
2590	232.797	455	177	0	4
2591	232.887	460	173	0	4
2592	232.977	464	168	0	4
2593	233.068	468	163	0	4
2594	233.158	467	160	0	4
2595	233.248	465	156	0	4
2596	233.338	463	154	0	4
2597	233.428	459	149	0	4
2598	233.518	455	144	0	4
2599	233.608	452	139	0	4
2600	233.698	448	134	0	4
2601	233.788	443	127	0	4
2602	233.878	440	123	0	4
2603	233.968	437	119	0	4
2604	234.058	434	116	0	4
2605	234.148	428	108	0	4
2606	234.238	424	103	0	4
2607	234.328	420	99	0	4
2608	234.418	415	95	0	4
2609	234.509	410	91	0	4
2610	234.599	404	88	0	4
2611	234.689	403	87	0	4
2612	234.779	403	87	0	4
2613	234.869	403	88	0	4
2614	234.959	400	90	0	4
2615	235.049	398	91	0	4
2616	235.139	398	91	0	4
2617	235.229	393	92	0	4
2618	235.319	390	92	0	4
2619	235.409	387	92	0	4
2620	235.500	383	92	0	4
2621	235.590	379	92	0	4
2622	235.679	377	92	0	4
2623	235.769	374	92	0	4
2624	235.859	370	92	0	4
2625	235.949	365	91	0	4
2626	236.039	362	90	0	4
2627	236.130	358	88	0	4
2628	236.220	353	86	0	4
2629	236.310	343	81	0	4
2630	236.400	335	77	0	4
2631	236.489	328	73	0	4
2632	236.580	320	68	0	4
2633	236.670	310	63	0	4
2634	236.759	304	59	0	4
2635	236.849	298	56	0	4
2636	236.940	292	54	0	4
2637	237.030	286	53	0	4
2638	237.120	279	53	0	4
2639	237.210	272	54	0	4
2640	237.300	266	55	0	4
2641	237.390	255	57	0	4
2642	237.480	248	58	0	4
2643	237.570	241	60	0	4
2644	237.660	233	61	0	4
2645	237.750	224	65	0	4
2646	237.840	218	67	0	4
2647	237.931	213	70	0	4
2648	238.022	209	73	0	4
2649	238.112	202	78	0	4
2650	238.202	200	80	0	4
2651	238.292	200	80	0	4
2652	238.383	200	80	0	4
2653	238.473	199	81	0	4
2654	238.563	200	81	0	4
2655	238.653	200	82	0	4
2656	238.743	200	85	0	4
2657	238.833	198	91	0	4
2658	238.923	195	95	0	4
2659	239.013	193	99	0	4
2660	239.103	191	103	0	4
2661	239.193	186	108	0	4
2662	239.283	184	113	0	4
2663	239.373	180	117	0	4
2664	239.463	176	122	0	4
2665	239.554	169	127	0	4
2666	239.644	169	128	0	4
2667	239.734	169	128	0	4
2668	239.824	169	128	0	4
2669	239.914	169	129	0	4
2670	240.004	170	131	0	4
